date,home_team,away_team,home_goals,away_goals,temperature,apparent_temperature,humidity,rain,wind,weather_code,heavy_rain_flag,strong_wind_flag,freezing_flag,heatwave_flag,storm_flag,extreme_weather_flag,total_goals,goal_difference,match_result,rain_flag,cold_flag,hot_flag,windy_flag,humidity_flag,apparent_cold_flag,apparent_hot_flag,apparent_temperature_gap,home_advantage,match_month,calendar_year,season_year_start,seasonal_indicator,is_winter_match,is_spring_match,is_summer_match,is_autumn_match,season_match_index,season_progress,home_team_points_avg_last_5,home_team_goals_for_avg_last_5,home_team_goals_against_avg_last_5,home_team_goal_difference_avg_last_5,away_team_points_avg_last_5,away_team_goals_for_avg_last_5,away_team_goals_against_avg_last_5,away_team_goal_difference_avg_last_5,home_team_strength_proxy,away_team_strength_proxy,strength_gap,match_importance_proxy,very_low_temperature_flag
2019-08-09,Liverpool,Norwich City,4,1,18.8,17.1,81,13.4,28.7,63,1,0,0,0,0,1,5,3,win,1,0,0,0,0,0,0,-1.6999999999999993,1,8,2019,2019,summer,0,0,1,0,1,0.0026315789473684,0.0,0.0,0.0,0.0,0.0,0.0,0.0,0.0,0.0,0.0,0.0,0.0,0
2019-08-10,Bournemouth,Sheffield United,1,1,17.7,12.4,75,2.3,54.8,51,0,1,0,0,0,1,2,0,draw,1,0,0,1,0,0,0,-5.299999999999999,1,8,2019,2019,summer,0,0,1,0,2,0.0052631578947368,0.0,0.0,0.0,0.0,0.0,0.0,0.0,0.0,0.0,0.0,0.0,0.0,0
2019-08-10,Burnley,Southampton,3,0,15.8,13.3,90,20.8,35.2,63,1,0,0,0,0,1,3,3,win,1,0,0,1,1,0,0,-2.5,1,8,2019,2019,summer,0,0,1,0,3,0.0078947368421052,0.0,0.0,0.0,0.0,0.0,0.0,0.0,0.0,0.0,0.0,0.0,0.0,0
2019-08-11,Newcastle United,Arsenal,0,1,14.8,14.3,89,18.7,16.3,63,1,0,0,0,0,1,1,-1,loss,1,0,0,0,1,0,0,-0.5,1,8,2019,2019,summer,0,0,1,0,10,0.0263157894736842,0.0,0.0,0.0,0.0,0.0,0.0,0.0,0.0,0.0,0.0,0.0,0.0,0
2019-09-28,Aston Villa,Burnley,2,2,13.6,10.5,81,20.4,30.3,63,1,0,0,0,0,1,4,0,draw,1,0,0,1,0,0,0,-3.1,1,9,2019,2019,autumn,0,0,0,1,61,0.1605263157894736,0.8,1.0,1.2,-0.2,1.0,1.0,1.4,-0.4,0.8599999999999999,1.0,-0.1400000000000001,0.1492894736842105,0
2019-09-28,Bournemouth,West Ham United,2,2,15.6,12.1,81,10.4,39.3,63,1,0,0,0,0,1,4,0,draw,1,0,0,1,0,0,0,-3.5,1,9,2019,2019,autumn,0,0,0,1,62,0.1631578947368421,1.8,2.0,1.8,0.2,2.2,1.6,0.4,1.2,1.86,2.02,-0.1600000000000001,0.3165263157894737,0
2019-09-28,Everton,Manchester City,1,3,13.8,11.0,85,15.8,36.8,63,1,0,0,0,0,1,4,-2,loss,1,0,0,1,1,0,0,-2.8000000000000007,1,9,2019,2019,autumn,0,0,0,1,65,0.1710526315789473,1.2,1.0,1.8,-0.8,2.0,3.8,1.2,2.6,1.14,2.54,-1.4,0.3147368421052631,0
2019-09-28,Wolverhampton Wanderers,Watford,2,0,13.7,10.9,82,18.2,25.5,63,1,0,0,0,0,1,2,2,win,1,0,0,0,0,0,0,-2.799999999999999,1,9,2019,2019,autumn,0,0,0,1,68,0.1789473684210526,0.6,1.4,2.2,-0.8,0.4,0.8,3.0,-2.2,0.84,0.52,0.3199999999999999,0.1216842105263157,0
2019-09-29,Leicester City,Newcastle United,5,0,14.6,12.2,90,13.6,31.4,63,1,0,0,0,0,1,5,5,win,1,0,0,1,1,0,0,-2.4000000000000004,1,9,2019,2019,autumn,0,0,0,1,69,0.181578947368421,2.0,1.6,1.0,0.6,1.0,0.8,1.4,-0.6,1.88,0.94,0.94,0.2560263157894736,0
2019-09-30,Manchester United,Arsenal,1,1,12.3,11.0,88,16.4,19.8,63,1,0,0,0,0,1,2,0,draw,1,0,0,0,1,0,0,-1.3000000000000007,1,9,2019,2019,autumn,0,0,0,1,70,0.1842105263157894,1.0,0.8,1.2,-0.4,1.6,2.0,2.0,0.0,0.94,1.7199999999999998,-0.7799999999999998,0.2449999999999999,0
2019-10-06,Arsenal,Bournemouth,1,0,13.5,10.6,80,11.9,28.4,61,1,0,0,0,0,1,1,1,win,1,0,0,0,0,0,0,-2.9000000000000004,1,10,2019,2019,autumn,0,0,0,1,77,0.2026315789473684,1.2,1.8,2.0,-0.2,1.4,2.0,2.0,0.0,1.38,1.5799999999999998,-0.1999999999999999,0.2998947368421052,0
2019-10-06,Manchester City,Wolverhampton Wanderers,0,2,11.9,9.6,91,11.6,24.3,63,1,0,0,0,0,1,2,-2,loss,1,0,0,0,1,1,0,-2.3000000000000007,1,10,2019,2019,autumn,0,0,0,1,78,0.2052631578947368,2.4,4.0,1.0,3.0,1.0,1.6,2.0,-0.4,2.88,1.18,1.7,0.4166842105263157,0
2019-10-06,Newcastle United,Manchester United,1,0,11.1,8.0,89,21.9,30.5,63,1,0,0,0,0,1,1,1,win,1,0,0,1,1,1,0,-3.1,1,10,2019,2019,autumn,0,0,0,1,79,0.2078947368421052,1.0,0.6,1.8,-1.2,1.0,0.8,1.2,-0.4,0.8799999999999999,0.94,-0.06,0.1891842105263158,0
2019-10-26,Brighton,Everton,3,2,14.7,10.1,82,11.0,42.4,61,1,0,0,0,0,1,5,1,win,1,0,0,1,0,0,0,-4.6,1,10,2019,2019,autumn,0,0,0,1,92,0.2421052631578947,1.0,1.0,1.0,0.0,0.6,0.8,1.8,-1.0,1.0,0.6599999999999999,0.3400000000000001,0.2009473684210526,0
2019-10-26,Burnley,Chelsea,2,4,5.9,3.2,88,17.2,21.7,61,1,0,0,0,0,1,6,-2,loss,1,1,0,0,1,1,0,-2.7,1,10,2019,2019,autumn,0,0,0,1,93,0.2447368421052631,1.6,1.4,1.0,0.4,2.4,2.6,1.0,1.6,1.5399999999999998,2.46,-0.9200000000000002,0.4894736842105263,0
2019-10-26,Manchester City,Aston Villa,3,0,6.8,4.3,87,24.9,18.8,63,1,0,0,0,0,1,3,3,win,1,1,0,0,1,1,0,-2.5,1,10,2019,2019,autumn,0,0,0,1,94,0.2473684210526315,1.8,3.0,1.2,1.8,1.6,2.2,1.4,0.8,2.16,1.7799999999999998,0.3800000000000003,0.4873157894736842,0
2019-11-02,Aston Villa,Liverpool,1,2,9.2,5.5,88,13.0,26.8,63,1,0,0,0,0,1,3,-1,loss,1,1,0,0,1,1,0,-3.6999999999999993,1,11,2019,2019,autumn,0,0,0,1,102,0.2684210526315789,1.4,2.2,2.0,0.2,2.6,1.6,0.8,0.8,1.64,2.3,-0.6599999999999999,0.5287894736842105,0
2019-11-02,Bournemouth,Manchester United,1,0,11.6,5.6,80,10.6,66.6,63,1,1,0,0,0,1,1,1,win,1,0,0,1,0,1,0,-6.0,1,11,2019,2019,autumn,0,0,0,1,103,0.2710526315789474,1.2,1.0,0.8,0.2,1.0,1.0,1.2,-0.2,1.14,1.0,0.1399999999999999,0.2900263157894736,0
2019-11-02,Brighton,Norwich City,2,0,11.9,5.4,84,16.9,60.2,63,1,1,0,0,0,1,2,2,win,1,0,0,1,0,1,0,-6.5,1,11,2019,2019,autumn,0,0,0,1,104,0.2736842105263158,1.4,1.4,1.2,0.2,0.2,0.4,2.4,-2.0,1.4,0.26,1.14,0.2271578947368421,0
2019-11-09,Burnley,West Ham United,3,0,2.6,-1.4,91,2.8,21.3,71,0,0,1,0,0,1,3,3,win,1,1,0,0,1,1,0,-4.0,1,11,2019,2019,autumn,0,0,0,1,112,0.2947368421052631,0.8,1.2,2.2,-1.0,0.4,1.2,2.0,-0.8,0.92,0.6399999999999999,0.28,0.2298947368421052,1
2019-11-09,Leicester City,Arsenal,2,0,2.6,-1.1,92,10.3,26.2,61,1,0,1,0,0,1,2,2,win,1,1,0,0,1,1,0,-3.7,1,11,2019,2019,autumn,0,0,0,1,114,0.3,2.4,3.8,0.6,3.2,1.2,1.0,1.0,0.0,2.82,1.14,1.68,0.594,1
2019-11-09,Southampton,Everton,1,2,3.8,0.8,95,10.3,18.3,63,1,0,0,0,0,1,3,-1,loss,1,1,0,0,1,1,0,-3.0,1,11,2019,2019,autumn,0,0,0,1,116,0.3052631578947368,0.2,0.8,3.6,-2.8,0.8,1.2,1.6,-0.4,0.38,0.92,-0.5399999999999999,0.1984210526315789,1
2019-11-30,Burnley,Crystal Palace,0,2,1.3,-2.6,97,0.0,16.1,3,0,0,1,0,0,1,2,-2,loss,0,1,0,0,1,1,0,-3.9,1,11,2019,2019,autumn,0,0,0,1,131,0.3447368421052632,1.2,1.8,1.8,0.0,0.2,0.6,2.0,-1.4,1.38,0.3199999999999999,1.06,0.2930263157894736,1
2019-11-30,Chelsea,West Ham United,0,1,2.9,-0.6,92,0.0,14.8,3,0,0,1,0,0,1,1,-1,loss,0,1,0,0,1,1,0,-3.5,1,11,2019,2019,autumn,0,0,0,1,132,0.3473684210526316,2.4,2.0,1.0,1.0,0.2,1.0,2.4,-1.4,2.28,0.4399999999999999,1.84,0.4724210526315789,1
2019-11-30,Liverpool,Brighton,2,1,1.3,-2.7,92,0.0,18.0,3,0,0,1,0,0,1,3,1,win,0,1,0,0,1,1,0,-4.0,1,11,2019,2019,autumn,0,0,0,1,133,0.35,2.6,2.0,1.0,1.0,1.2,1.4,1.8,-0.4,2.42,1.26,1.16,0.6439999999999999,1
2019-11-30,Newcastle United,Manchester City,2,2,-0.8,-4.1,94,0.0,8.1,3,0,0,1,0,0,1,4,0,draw,0,1,0,0,1,1,0,-3.3,1,11,2019,2019,autumn,0,0,0,1,134,0.3526315789473684,1.4,1.2,1.4,-0.2,2.4,2.0,1.0,1.0,1.34,2.28,-0.94,0.6382631578947368,1
2019-11-30,Tottenham Hotspur,Bournemouth,3,2,3.1,-0.2,92,0.0,13.8,3,0,0,1,0,0,1,5,1,win,0,1,0,0,1,1,0,-3.3000000000000003,1,11,2019,2019,autumn,0,0,0,1,136,0.3578947368421052,1.2,1.4,1.4,0.0,1.0,0.6,0.8,-0.2,1.26,0.8799999999999999,0.3800000000000001,0.3829473684210526,1
2019-12-01,Leicester City,Everton,2,1,1.4,-2.6,92,0.0,18.6,3,0,0,1,0,0,1,3,1,win,0,1,0,0,1,1,0,-4.0,1,12,2019,2019,winter,1,0,0,0,137,0.3605263157894737,3.0,3.4,0.2,3.2,1.4,1.4,1.4,0.0,3.12,1.4,1.7199999999999998,0.8147894736842105,1
2019-12-01,Manchester United,Aston Villa,2,2,1.1,-2.2,89,0.0,12.9,3,0,0,1,0,0,1,4,0,draw,0,1,0,0,1,1,0,-3.3000000000000003,1,12,2019,2019,winter,1,0,0,0,138,0.3631578947368421,1.6,2.0,1.4,0.6,1.2,1.2,1.6,-0.4,1.7199999999999998,1.2,0.5199999999999998,0.5302105263157895,1
2019-12-01,Wolverhampton Wanderers,Sheffield United,1,1,1.6,-2.2,90,0.0,16.4,3,0,0,1,0,0,1,2,0,draw,0,1,0,0,1,1,0,-3.8,1,12,2019,2019,winter,1,0,0,0,140,0.3684210526315789,1.8,1.4,1.0,0.4,1.8,1.8,1.0,0.8,1.68,1.8,-0.1200000000000001,0.6410526315789473,1
2019-12-04,Leicester City,Watford,2,0,2.5,-1.0,94,0.0,14.0,3,0,0,1,0,0,1,2,2,win,0,1,0,0,1,1,0,-3.5,1,12,2019,2019,winter,1,0,0,0,144,0.3789473684210526,3.0,3.4,0.2,3.2,0.8,0.8,1.4,-0.6,3.12,0.7999999999999999,2.32,0.7427368421052631,1
2019-12-04,Wolverhampton Wanderers,West Ham United,2,0,2.0,-1.5,97,0.0,12.9,3,0,0,1,0,0,1,2,2,win,0,1,0,0,1,1,0,-3.5,1,12,2019,2019,winter,1,0,0,0,148,0.3894736842105263,1.8,1.4,1.0,0.4,0.8,1.2,2.0,-0.8,1.68,0.92,0.76,0.5063157894736842,1
2019-12-05,Arsenal,Brighton,1,2,3.9,-0.3,92,0.0,29.3,3,0,0,1,0,0,1,3,-1,loss,0,1,0,0,1,1,0,-4.2,1,12,2019,2019,winter,1,0,0,0,149,0.3921052631578947,0.8,1.4,1.8,-0.4,1.2,1.4,1.8,-0.4,0.98,1.26,-0.28,0.4391578947368421,1
2019-12-14,Burnley,Newcastle United,1,0,3.0,-2.9,87,9.7,33.9,73,0,0,1,0,0,1,1,1,win,1,1,0,1,1,1,0,-5.9,1,12,2019,2019,winter,1,0,0,0,161,0.4236842105263158,1.2,1.4,2.2,-0.8,2.0,1.6,1.2,0.4,1.26,1.88,-0.6199999999999999,0.6651842105263157,1
2019-12-14,Leicester City,Norwich City,1,1,4.4,-1.7,75,2.0,36.2,53,0,0,1,0,0,1,2,0,draw,1,1,0,1,0,1,0,-6.1000000000000005,1,12,2019,2019,winter,1,0,0,0,163,0.4289473684210526,3.0,2.4,0.4,2.0,0.8,1.2,1.6,-0.4,2.8199999999999994,0.92,1.8999999999999997,0.8021315789473683,1
2019-12-14,Liverpool,Watford,2,0,4.8,-1.7,75,5.3,41.8,71,0,0,1,0,0,1,2,2,win,1,1,0,1,0,1,0,-6.5,1,12,2019,2019,winter,1,0,0,0,164,0.431578947368421,3.0,3.0,1.0,2.0,0.8,0.6,1.4,-0.8,3.0,0.74,2.26,0.8070526315789472,1
2019-12-14,Sheffield United,Aston Villa,2,0,3.7,-2.1,79,4.1,33.0,73,0,0,1,0,0,1,2,2,win,1,1,0,1,0,1,0,-5.800000000000001,1,12,2019,2019,winter,1,0,0,0,165,0.4342105263157895,1.2,1.4,1.6,-0.2,0.8,1.4,2.0,-0.6,1.26,0.98,0.28,0.4863157894736842,1
2019-12-15,Manchester United,Everton,1,1,4.4,-0.4,82,6.4,27.2,73,0,0,1,0,0,1,2,0,draw,1,1,0,0,0,1,0,-4.800000000000001,1,12,2019,2019,winter,1,0,0,0,168,0.4421052631578947,2.2,2.4,1.6,0.8,1.2,1.6,2.2,-0.6,2.26,1.3199999999999998,0.94,0.7913684210526315,1
2019-12-15,Wolverhampton Wanderers,Tottenham Hotspur,1,2,4.5,-0.7,80,2.0,32.2,71,0,0,1,0,0,1,3,-1,loss,1,1,0,1,0,1,0,-5.2,1,12,2019,2019,winter,1,0,0,0,169,0.4447368421052631,2.2,1.8,1.0,0.8,2.0,2.6,1.4,1.2,2.08,2.18,-0.0999999999999996,0.9472894736842103,1
2019-12-21,Bournemouth,Burnley,0,1,9.3,4.8,85,12.5,33.1,63,1,0,0,0,0,1,1,-1,loss,1,1,0,1,1,1,0,-4.500000000000001,1,12,2019,2019,winter,1,0,0,0,172,0.4526315789473684,0.6,0.8,1.8,-1.0,1.2,1.0,2.2,-1.2,0.6599999999999999,1.14,-0.48,0.4073684210526315,0
2019-12-21,Brighton,Sheffield United,0,1,9.1,3.7,87,14.3,37.2,63,1,0,0,0,0,1,1,-1,loss,1,1,0,1,1,1,0,-5.4,1,12,2019,2019,winter,1,0,0,0,173,0.4552631578947368,1.0,1.2,1.6,-0.4,1.6,1.6,1.4,0.2,1.06,1.6,-0.5399999999999998,0.6055,0
2019-12-26,Bournemouth,Arsenal,1,1,9.8,5.2,86,13.8,39.4,61,1,0,0,0,0,1,2,0,draw,1,1,0,1,1,1,0,-4.6000000000000005,1,12,2019,2019,winter,1,0,0,0,181,0.4763157894736842,0.6,0.6,1.6,-1.0,1.0,1.2,1.6,-0.4,0.6,1.06,-0.4600000000000001,0.3953421052631579,0
2020-01-18,Arsenal,Sheffield United,1,1,3.2,-0.5,85,0.0,15.1,2,0,0,1,0,0,1,2,0,draw,0,1,0,0,1,1,0,-3.7,1,1,2020,2019,winter,1,0,0,0,220,0.5789473684210527,1.2,1.0,0.8,0.2,1.4,0.6,1.0,-0.4,1.14,1.16,-0.02,0.6657894736842105,1
2020-01-18,Brighton,Aston Villa,1,1,3.4,-0.3,84,0.0,18.1,3,0,0,1,0,0,1,2,0,draw,0,1,0,0,0,1,0,-3.7,1,1,2020,2019,winter,1,0,0,0,221,0.5815789473684211,0.8,0.8,1.0,-0.2,1.2,1.0,2.6,-1.6,0.7999999999999999,1.14,-0.3399999999999999,0.5641315789473684,1
2020-01-18,Newcastle United,Chelsea,1,0,3.4,-1.7,82,0.0,26.3,3,0,0,1,0,0,1,1,1,win,0,1,0,0,0,1,0,-5.1,1,1,2020,2019,winter,1,0,0,0,223,0.5868421052631579,0.8,0.8,2.0,-1.2,2.0,1.6,0.8,0.8,0.7999999999999999,1.88,-1.08,0.7863684210526316,1
2020-01-18,Norwich City,Bournemouth,1,0,3.7,-0.8,83,0.0,20.5,3,0,0,1,0,0,1,1,1,win,0,1,0,0,0,1,0,-4.5,1,1,2020,2019,winter,1,0,0,0,224,0.5894736842105263,0.4,0.8,2.0,-1.2,0.2,0.2,2.2,-2.0,0.52,0.1999999999999999,0.32,0.2122105263157894,1
2020-01-18,Southampton,Wolverhampton Wanderers,2,3,2.6,-0.6,90,0.0,13.8,3,0,0,1,0,0,1,5,-1,loss,0,1,0,0,1,1,0,-3.2,1,1,2020,2019,winter,1,0,0,0,225,0.5921052631578947,2.6,1.8,0.6,1.2,1.4,1.4,1.4,0.0,2.36,1.4,0.96,1.113157894736842,1
2020-01-18,Watford,Tottenham Hotspur,0,0,2.9,-0.8,86,0.0,14.9,2,0,0,1,0,0,1,0,0,draw,0,1,0,0,1,1,0,-3.7,1,1,2020,2019,winter,1,0,0,0,226,0.5947368421052631,2.6,2.2,0.4,1.8,0.8,0.8,1.4,-0.6,2.48,0.7999999999999999,1.6800000000000002,0.9753684210526314,1
2020-01-18,West Ham United,Everton,1,1,3.3,-0.3,85,0.0,15.0,2,0,0,1,0,0,1,2,0,draw,0,1,0,0,1,1,0,-3.6,1,1,2020,2019,winter,1,0,0,0,227,0.5973684210526315,1.2,1.4,1.0,0.4,2.0,1.0,0.6,0.4,1.26,1.7,-0.4399999999999999,0.8841052631578947,1
2020-01-19,Burnley,Leicester City,2,1,2.0,-1.2,92,0.0,15.0,3,0,0,1,0,0,1,3,1,win,0,1,0,0,1,1,0,-3.2,1,1,2020,2019,winter,1,0,0,0,228,0.6,0.6,0.4,1.6,-1.2,1.2,1.4,2.0,-0.6,0.54,1.26,-0.72,0.54,1
2020-01-19,Liverpool,Manchester United,2,0,2.0,-0.9,96,0.0,11.0,3,0,0,1,0,0,1,2,2,win,0,1,0,0,1,1,0,-2.9,1,1,2020,2019,winter,1,0,0,0,229,0.6026315789473684,3.0,2.0,0.0,2.0,1.8,2.0,1.0,1.0,2.7,1.86,0.8399999999999999,1.374,1
2020-01-21,Bournemouth,Brighton,3,1,1.9,-1.2,90,0.0,8.3,1,0,0,1,0,0,1,4,2,win,0,1,0,0,1,1,0,-3.1,1,1,2020,2019,winter,1,0,0,0,231,0.6078947368421053,0.2,0.2,2.2,-2.0,1.0,1.0,1.0,0.0,0.1999999999999999,1.0,-0.8,0.3647368421052631,1
2020-01-21,Chelsea,Arsenal,2,2,0.2,-3.0,96,0.0,10.9,3,0,0,1,0,0,1,4,0,draw,0,1,0,0,1,1,0,-3.2,1,1,2020,2019,winter,1,0,0,0,232,0.6105263157894737,1.4,1.2,1.0,0.2,1.2,1.2,1.0,0.2,1.34,1.2,0.1399999999999999,0.7753684210526316,1
2020-01-21,Crystal Palace,Southampton,0,2,0.4,-2.5,95,0.0,6.6,3,0,0,1,0,0,1,2,-2,loss,0,1,0,0,1,1,0,-2.9,1,1,2020,2019,winter,1,0,0,0,233,0.6131578947368421,1.4,1.4,1.2,0.2,2.0,1.6,1.0,0.6,1.4,1.88,-0.48,1.0055789473684211,1
2020-02-02,Burnley,Arsenal,0,0,6.6,3.0,92,10.4,27.1,61,1,0,0,0,0,1,0,0,draw,1,1,0,0,1,1,0,-3.6,1,2,2020,2019,winter,1,0,0,0,249,0.6552631578947369,1.2,1.0,1.6,-0.6,1.2,1.4,1.2,0.2,1.14,1.26,-0.1200000000000001,0.7863157894736842,0
2020-02-09,Sheffield United,Bournemouth,2,1,9.4,2.3,82,20.4,54.8,63,1,1,0,0,0,1,3,1,win,1,1,0,1,0,1,0,-7.1000000000000005,1,2,2020,2019,winter,1,0,0,0,253,0.6657894736842105,1.4,0.6,0.8,-0.2,1.2,1.0,2.0,-1.0,1.16,1.14,0.02,0.765657894736842,0
2020-02-15,Norwich City,Liverpool,0,1,11.0,5.5,88,3.7,50.5,53,0,1,0,0,0,1,1,-1,loss,1,0,0,1,1,1,0,-5.5,1,2,2020,2019,winter,1,0,0,0,255,0.6710526315789473,1.0,0.6,1.4,-0.8,3.0,2.2,0.2,2.0,0.8799999999999999,2.76,-1.88,1.221315789473684,0
2020-02-15,Southampton,Burnley,1,2,11.2,5.9,91,19.0,46.4,63,1,0,0,0,0,1,3,-1,loss,1,0,0,1,1,1,0,-5.299999999999999,1,2,2020,2019,winter,1,0,0,0,256,0.6736842105263158,1.8,1.4,1.6,-0.2,1.4,1.0,1.2,-0.2,1.68,1.2799999999999998,0.4000000000000001,0.9970526315789472,0
2020-02-16,Arsenal,Newcastle United,4,0,9.6,3.5,84,16.0,49.8,63,1,0,0,0,0,1,4,4,win,1,1,0,1,0,1,0,-6.1,1,2,2020,2019,winter,1,0,0,0,257,0.6763157894736842,1.4,1.2,0.8,0.4,1.2,0.8,1.2,-0.4,1.34,1.08,0.2599999999999998,0.8183421052631579,0
2020-02-16,Aston Villa,Tottenham Hotspur,2,3,7.6,1.5,82,20.8,43.1,63,1,0,0,0,0,1,5,-1,loss,1,1,0,1,0,1,0,-6.1,1,2,2020,2019,winter,1,0,0,0,258,0.6789473684210526,1.4,1.4,2.2,-0.8,1.4,0.8,0.6,0.2,1.4,1.2199999999999998,0.1800000000000001,0.8894210526315788,0
2020-02-22,Burnley,Bournemouth,3,0,6.3,-0.4,88,19.2,45.0,71,1,0,1,0,0,1,3,3,win,1,1,0,1,1,1,0,-6.7,1,2,2020,2019,winter,1,0,0,0,261,0.6868421052631579,2.0,1.2,1.0,0.2,1.2,1.2,1.6,-0.4,1.7599999999999998,1.2,0.5599999999999998,1.0165263157894735,0
2020-02-23,Manchester United,Watford,3,0,5.7,1.6,81,15.8,32.3,63,1,0,0,0,0,1,3,3,win,1,1,0,1,0,1,0,-4.1,1,2,2020,2019,winter,1,0,0,0,268,0.7052631578947368,1.4,1.2,0.8,0.4,1.0,1.4,1.2,0.2,1.34,1.12,0.2199999999999999,0.8674736842105263,0
2020-02-23,Wolverhampton Wanderers,Norwich City,3,0,7.1,2.5,79,11.8,39.7,61,1,0,0,0,0,1,3,3,win,1,1,0,1,0,1,0,-4.6,1,2,2020,2019,winter,1,0,0,0,269,0.7078947368421052,1.2,1.0,1.0,0.0,0.8,0.4,1.4,-1.0,1.14,0.6799999999999999,0.4599999999999999,0.6441842105263157,0
2020-02-24,Liverpool,West Ham United,3,2,7.1,1.2,83,16.8,47.9,71,1,0,0,0,0,1,5,1,win,1,1,0,1,0,1,0,-5.9,1,2,2020,2019,winter,1,0,0,0,270,0.7105263157894737,3.0,2.2,0.2,2.0,0.4,1.0,2.4,-1.4,2.76,0.58,2.18,1.186578947368421,0
2020-02-28,Norwich City,Leicester City,1,0,4.7,-0.3,86,8.6,36.8,61,0,0,1,0,0,1,1,1,win,1,1,0,1,1,1,0,-5.0,1,2,2020,2019,winter,1,0,0,0,271,0.7131578947368421,0.8,0.4,1.2,-0.8,1.0,1.4,1.2,0.2,0.6799999999999999,1.12,-0.4399999999999999,0.6418421052631579,1
2020-02-29,Bournemouth,Chelsea,2,2,7.5,0.1,72,6.1,59.0,61,0,1,0,0,0,1,4,0,draw,1,1,0,1,0,1,0,-7.4,1,2,2020,2019,winter,1,0,0,0,272,0.7157894736842105,1.2,1.2,1.6,-0.4,1.0,1.2,1.6,-0.4,1.2,1.06,0.1399999999999999,0.8088421052631578,0
2020-02-29,Brighton,Crystal Palace,0,1,7.6,0.0,72,7.1,46.9,63,0,0,1,0,0,1,1,-1,loss,1,1,0,1,0,1,0,-7.6,1,2,2020,2019,winter,1,0,0,0,273,0.718421052631579,0.8,1.4,1.8,-0.4,0.8,0.8,1.6,-0.8,0.98,0.7999999999999999,0.18,0.6393947368421052,0
2020-03-01,Everton,Manchester United,1,1,5.2,-1.1,67,0.7,40.8,51,0,0,1,0,0,1,2,0,draw,1,1,0,1,0,1,0,-6.300000000000001,1,3,2020,2019,spring,0,1,0,0,277,0.7289473684210527,1.6,2.2,1.8,0.4,1.4,1.0,0.8,0.2,1.7799999999999998,1.2799999999999998,0.5,1.1152894736842105,0
2020-06-21,Everton,Liverpool,0,0,15.3,12.2,73,10.0,29.1,63,1,0,0,0,0,1,0,0,draw,1,0,0,0,0,0,0,-3.1000000000000014,1,6,2020,2019,summer,0,0,1,0,298,0.7842105263157895,1.4,1.8,2.2,-0.4,2.4,2.0,1.2,0.8,1.52,2.28,-0.7599999999999998,1.49,0
2020-07-05,Burnley,Sheffield United,1,1,13.1,8.3,83,12.4,39.8,61,1,0,0,0,0,1,2,0,draw,1,0,0,1,0,1,0,-4.799999999999999,1,7,2020,2019,summer,0,0,1,0,326,0.8578947368421053,1.6,0.6,1.2,-0.6,1.4,0.8,1.4,-0.6,1.2999999999999998,1.2199999999999998,0.08,1.0809473684210524,0
2020-07-08,West Ham United,Burnley,0,1,16.5,16.1,90,11.8,17.4,63,1,0,0,0,0,1,1,-1,loss,1,0,0,0,1,0,0,-0.3999999999999986,1,7,2020,2019,summer,0,0,1,0,337,0.8868421052631579,0.8,1.0,1.8,-0.8,1.6,0.8,1.4,-0.6,0.8599999999999999,1.36,-0.5,0.9843947368421052,0
2020-10-03,Chelsea,Crystal Palace,4,0,13.2,11.2,89,34.6,30.3,63,1,0,0,0,0,1,4,4,win,1,0,0,1,1,0,0,-2.0,1,10,2020,2020,autumn,0,0,0,1,29,0.0763157894736842,1.4,2.2,2.2,0.0,1.4,1.2,1.2,0.0,1.64,1.34,0.3,0.1137105263157894,0
2020-10-03,Everton,Brighton,4,2,11.5,7.9,90,21.9,34.4,61,1,0,0,0,0,1,6,2,win,1,0,0,1,1,1,0,-3.6,1,10,2020,2020,autumn,0,0,0,1,30,0.0789473684210526,2.4,2.0,1.2,0.8,1.4,1.6,1.4,0.2,2.28,1.46,0.8199999999999998,0.1476315789473684,0
2020-10-03,Leeds United,Manchester City,1,1,12.2,10.5,97,23.4,25.1,63,1,0,0,0,0,1,2,0,draw,1,0,0,0,1,0,0,-1.6999999999999993,1,10,2020,2020,autumn,0,0,0,1,31,0.081578947368421,2.0,2.6666666666666665,2.333333333333333,0.3333333333333333,2.4,3.2,1.4,1.8,2.2,2.64,-0.4399999999999999,0.1974210526315789,0
2020-10-03,Newcastle United,Burnley,3,1,12.1,10.3,97,33.3,17.9,63,1,0,0,0,0,1,4,2,win,1,0,0,0,1,0,0,-1.799999999999999,1,10,2020,2020,autumn,0,0,0,1,32,0.0842105263157894,1.0,0.8,1.4,-0.6,0.8,1.2,1.6,-0.4,0.94,0.92,0.02,0.0783157894736842,0
2020-10-04,Arsenal,Sheffield United,2,1,9.7,6.2,90,26.7,28.9,63,1,0,0,0,0,1,3,1,win,1,1,0,0,1,1,0,-3.499999999999999,1,10,2020,2020,autumn,0,0,0,1,33,0.0868421052631579,1.8,1.8,1.4,0.4,0.0,0.2,1.6,-1.4,1.8,0.06,1.74,0.0807631578947368,0
2020-10-04,Aston Villa,Liverpool,7,2,9.9,7.0,88,18.2,24.4,63,1,0,0,0,0,1,9,5,win,1,1,0,0,1,1,0,-2.9000000000000004,1,10,2020,2020,autumn,0,0,0,1,34,0.0894736842105263,2.2,1.4,0.4,1.0,3.0,3.4,1.6,1.8,1.96,3.12,-1.1599999999999997,0.2272631578947368,0
2020-10-04,Manchester United,Tottenham Hotspur,1,6,11.4,9.1,84,10.5,27.1,63,1,0,0,0,0,1,7,-5,loss,1,0,0,0,0,1,0,-2.3000000000000007,1,10,2020,2020,autumn,0,0,0,1,36,0.0947368421052631,2.0,1.8,1.2,0.6,1.6,2.0,1.0,1.0,1.94,1.7199999999999998,0.2200000000000002,0.1733684210526315,0
2020-10-04,Southampton,West Bromwich Albion,2,0,9.9,6.5,89,11.3,30.2,61,1,0,0,0,0,1,2,2,win,1,1,0,1,1,1,0,-3.4000000000000004,1,10,2020,2020,autumn,0,0,0,1,37,0.0973684210526315,1.8,1.6,1.4,0.2,0.3333333333333333,1.6666666666666667,3.6666666666666665,-2.0,1.74,0.7333333333333333,1.0066666666666668,0.1204122807017543,0
2020-10-04,Wolverhampton Wanderers,Fulham,1,0,10.2,7.4,87,18.8,24.6,63,1,0,0,0,0,1,1,1,win,1,0,0,0,1,1,0,-2.799999999999999,1,10,2020,2020,autumn,0,0,0,1,38,0.1,1.2,1.0,1.8,-0.8,0.0,1.0,3.333333333333333,-2.333333333333333,1.14,0.3,0.8399999999999999,0.072,0
2020-10-24,Manchester United,Chelsea,0,0,10.3,6.8,85,16.1,33.8,63,1,0,0,0,0,1,0,0,draw,1,0,0,1,1,1,0,-3.500000000000001,1,10,2020,2020,autumn,0,0,0,1,52,0.1368421052631579,1.8,2.2,2.4,-0.2,1.6,2.6,1.8,0.8,1.92,1.9,0.02,0.2613684210526316,0
2020-10-26,Burnley,Tottenham Hotspur,0,1,7.6,3.4,91,10.3,29.2,61,1,0,0,0,0,1,1,-1,loss,1,1,0,0,1,1,0,-4.199999999999999,1,10,2020,2020,autumn,0,0,0,1,58,0.1526315789473684,0.2,0.8,2.0,-1.2,1.6,3.0,1.6,1.4,0.38,2.02,-1.6399999999999997,0.183157894736842,0
2020-11-01,Manchester United,Arsenal,0,1,12.6,8.4,80,11.7,38.8,63,1,0,0,0,0,1,1,-1,loss,1,0,0,1,0,1,0,-4.199999999999999,1,11,2020,2020,autumn,0,0,0,1,64,0.1684210526315789,1.4,1.8,2.4,-0.6,1.2,1.0,1.4,-0.4,1.52,1.14,0.3800000000000001,0.224,0
2020-12-05,Burnley,Everton,1,1,2.4,-1.5,95,1.9,24.2,73,0,0,1,0,0,1,2,0,draw,1,1,0,0,1,1,0,-3.9,1,12,2020,2020,winter,1,0,0,0,99,0.2605263157894736,0.8,0.2,1.8,-1.6,0.6,1.0,2.0,-1.0,0.6199999999999999,0.72,-0.1,0.1745526315789473,1
2020-12-05,Chelsea,Leeds United,3,1,3.8,-0.0,85,0.0,18.0,3,0,0,1,0,0,1,4,2,win,0,1,0,0,1,1,0,-3.8,1,12,2020,2020,winter,1,0,0,0,100,0.2631578947368421,2.2,1.8,0.2,1.6,1.4,1.2,1.6,-0.4,2.08,1.34,0.7400000000000002,0.4499999999999999,1
2020-12-05,Manchester City,Fulham,2,0,3.1,-0.6,90,1.8,19.3,53,0,0,1,0,0,1,2,2,win,1,1,0,0,1,1,0,-3.7,1,12,2020,2020,winter,1,0,0,0,101,0.2657894736842105,1.6,1.6,0.8,0.8,1.2,1.4,1.4,0.0,1.6,1.26,0.3399999999999998,0.380078947368421,1
2020-12-05,West Ham United,Manchester United,1,3,3.8,0.0,86,0.1,16.6,51,0,0,1,0,0,1,4,-2,loss,1,1,0,0,1,1,0,-3.8,1,12,2020,2020,winter,1,0,0,0,102,0.2684210526315789,2.0,1.2,0.8,0.4,2.0,1.4,0.8,0.6,1.7599999999999998,1.82,-0.06,0.4804736842105263,1
2020-12-06,Sheffield United,Leicester City,1,2,3.3,0.7,95,10.5,10.2,73,1,0,0,0,0,1,3,-1,loss,1,1,0,0,1,1,0,-2.6,1,12,2020,2020,winter,1,0,0,0,104,0.2736842105263158,0.0,0.4,1.8,-1.4,1.8,1.4,1.2,0.2,0.12,1.68,-1.56,0.2463157894736842,1
2020-12-06,Tottenham Hotspur,Arsenal,2,0,2.5,-1.0,95,0.5,15.4,51,0,0,1,0,0,1,2,2,win,1,1,0,0,1,1,0,-3.5,1,12,2020,2020,winter,1,0,0,0,105,0.2763157894736842,2.6,1.2,0.2,1.0,0.8,0.4,1.2,-0.8,2.18,0.6799999999999999,1.4999999999999998,0.3951315789473684,1
2020-12-06,West Bromwich Albion,Crystal Palace,1,5,2.1,-0.7,98,2.6,10.8,73,0,0,1,0,0,1,6,-4,loss,1,1,0,0,1,1,0,-2.8,1,12,2020,2020,winter,1,0,0,0,106,0.2789473684210526,0.8,0.4,1.0,-0.6,1.2,1.2,1.4,-0.2,0.6799999999999999,1.2,-0.52,0.2622105263157894,1
2020-12-07,Brighton,Southampton,1,2,2.8,-0.2,94,1.4,12.1,51,0,0,1,0,0,1,3,-1,loss,1,1,0,0,1,1,0,-3.0,1,12,2020,2020,winter,1,0,0,0,107,0.281578947368421,1.2,1.0,1.0,0.0,2.0,2.2,1.4,0.8,1.14,2.06,-0.9200000000000002,0.4505263157894736,1
2020-12-13,Southampton,Sheffield United,3,0,8.3,4.7,93,11.7,29.3,61,1,0,0,0,0,1,3,3,win,1,1,0,0,1,1,0,-3.6000000000000005,1,12,2020,2020,winter,1,0,0,0,117,0.3078947368421053,2.0,2.2,1.6,0.6,0.0,0.4,1.8,-1.4,2.06,0.12,1.94,0.3356052631578948,0
2020-12-19,Southampton,Manchester City,0,1,10.0,5.7,86,10.6,33.8,63,1,0,0,0,0,1,1,-1,loss,1,0,0,1,1,1,0,-4.3,1,12,2020,2020,winter,1,0,0,0,131,0.3447368421052632,1.6,1.8,1.2,0.6,1.6,1.6,0.6,1.0,1.66,1.6,0.06,0.561921052631579,0
2020-12-27,Leeds United,Burnley,1,0,3.8,-1.2,86,9.9,36.2,61,0,0,1,0,0,1,1,1,win,1,1,0,1,1,1,0,-5.0,1,12,2020,2020,winter,1,0,0,0,144,0.3789473684210526,1.2,2.0,2.6,-0.6,1.6,0.8,1.4,-0.6,1.44,1.36,0.08,0.5305263157894736,1
2020-12-27,Liverpool,West Bromwich Albion,1,1,4.7,-0.5,84,9.4,41.4,61,0,0,1,0,0,1,2,0,draw,1,1,0,1,0,1,0,-5.2,1,12,2020,2020,winter,1,0,0,0,145,0.3815789473684211,2.2,3.0,0.6,2.4,0.8,0.8,2.2,-1.4,2.44,0.7999999999999999,1.64,0.6181578947368421,1
2020-12-27,West Ham United,Brighton,2,2,5.6,0.7,85,14.0,48.4,61,1,0,0,0,0,1,4,0,draw,1,1,0,1,1,1,0,-4.9,1,12,2020,2020,winter,1,0,0,0,146,0.3842105263157894,1.4,1.2,1.8,-0.6,0.6,0.6,1.4,-0.8,1.34,0.6,0.7399999999999999,0.3726842105263157,0
2020-12-27,Wolverhampton Wanderers,Tottenham Hotspur,1,1,3.9,-0.9,85,10.3,39.7,63,1,0,1,0,0,1,2,0,draw,1,1,0,1,1,1,0,-4.8,1,12,2020,2020,winter,1,0,0,0,147,0.3868421052631579,1.2,1.0,1.8,-0.8,1.0,0.8,1.0,-0.2,1.14,0.94,0.1999999999999999,0.4023157894736842,1
2020-12-28,Chelsea,Aston Villa,1,1,1.4,-2.1,94,0.3,16.5,51,0,0,1,0,0,1,2,0,draw,1,1,0,0,1,1,0,-3.5,1,12,2020,2020,winter,1,0,0,0,148,0.3894736842105263,1.2,1.6,1.4,0.2,2.0,1.6,0.4,1.2,1.3199999999999998,1.88,-0.56,0.623157894736842,1
2020-12-28,Crystal Palace,Leicester City,1,1,1.8,-1.7,93,0.2,15.8,51,0,0,1,0,0,1,2,0,draw,1,1,0,0,1,1,0,-3.5,1,12,2020,2020,winter,1,0,0,0,149,0.3921052631578947,1.0,1.4,2.6,-1.2,2.0,1.8,1.0,0.8,1.12,1.94,-0.8200000000000001,0.5999210526315789,1
2020-12-29,Brighton,Arsenal,0,1,1.3,-2.3,92,1.1,14.7,73,0,0,1,0,0,1,1,-1,loss,1,1,0,0,1,1,0,-3.6,1,12,2020,2020,winter,1,0,0,0,150,0.3947368421052631,0.6,0.8,1.6,-0.8,0.8,1.0,1.4,-0.4,0.6599999999999999,0.8599999999999999,-0.1999999999999999,0.3,1
2020-12-29,Burnley,Sheffield United,1,0,-0.2,-3.6,96,2.4,13.8,73,0,0,1,0,0,1,1,1,win,1,1,0,0,1,1,0,-3.4,1,12,2020,2020,winter,1,0,0,0,151,0.3973684210526316,1.6,0.8,0.6,0.2,0.2,0.8,2.0,-1.2,1.36,0.38,0.98,0.3457105263157894,1
2020-12-29,Manchester United,Wolverhampton Wanderers,1,0,-0.0,-3.1,94,2.5,13.6,75,0,0,1,0,1,1,1,1,win,1,1,0,0,1,1,0,-3.1,1,12,2020,2020,winter,1,0,0,0,152,0.4,2.2,2.8,1.4,1.4,0.8,0.8,1.8,-1.0,2.38,0.7999999999999999,1.58,0.636,1
2020-12-29,Southampton,West Ham United,0,0,1.3,-2.2,93,2.2,18.4,73,0,0,1,0,0,1,0,0,draw,1,1,0,0,1,1,0,-3.5,1,12,2020,2020,winter,1,0,0,0,153,0.4026315789473684,1.6,1.2,0.6,0.6,1.0,1.2,2.0,-0.8,1.48,1.06,0.4199999999999999,0.5113421052631578,1
2020-12-29,West Bromwich Albion,Leeds United,0,5,-0.5,-4.6,96,2.8,19.4,75,0,0,1,0,1,1,5,-5,loss,1,1,0,0,1,1,0,-4.1,1,12,2020,2020,winter,1,0,0,0,154,0.4052631578947368,0.4,0.8,2.4,-1.6,1.2,2.0,2.6,-0.6,0.52,1.44,-0.92,0.3971578947368421,1
2020-12-30,Newcastle United,Liverpool,0,0,-0.8,-5.0,90,0.0,13.3,2,0,0,1,0,0,1,0,0,draw,0,1,0,0,1,1,0,-4.2,1,12,2020,2020,winter,1,0,0,0,155,0.4078947368421052,1.4,1.4,1.8,-0.4,2.2,3.0,0.6,2.4,1.4,2.44,-1.04,0.783157894736842,1
2021-01-01,Everton,West Ham United,0,1,2.2,-1.6,90,1.6,16.2,51,0,0,1,0,0,1,1,-1,loss,1,1,0,0,1,1,0,-3.8,1,1,2021,2020,winter,1,0,0,0,156,0.4105263157894737,2.6,1.4,0.4,1.0,1.2,1.0,1.4,-0.4,2.24,1.14,1.1,0.6937894736842105,1
2021-01-01,Manchester United,Aston Villa,2,1,0.5,-2.5,93,0.9,10.5,71,0,0,1,0,0,1,3,1,win,1,1,0,0,1,1,0,-3.0,1,1,2021,2020,winter,1,0,0,0,157,0.4131578947368421,2.2,2.4,1.2,1.2,2.2,1.6,0.2,1.4,2.26,2.02,0.2399999999999997,0.884157894736842,1
2021-01-02,Brighton,Wolverhampton Wanderers,3,3,2.7,-1.1,91,0.1,14.8,51,0,0,1,0,0,1,6,0,draw,1,1,0,0,1,1,0,-3.8,1,1,2021,2020,winter,1,0,0,0,158,0.4157894736842105,0.6,0.6,1.4,-0.8,0.8,0.8,1.2,-0.4,0.6,0.7999999999999999,-0.1999999999999999,0.2910526315789473,1
2021-01-02,Crystal Palace,Sheffield United,2,0,2.2,-1.0,91,0.0,13.2,3,0,0,1,0,0,1,2,2,win,0,1,0,0,1,1,0,-3.2,1,1,2021,2020,winter,1,0,0,0,159,0.4184210526315789,0.6,0.6,2.6,-2.0,0.2,0.6,1.8,-1.2,0.6,0.3199999999999999,0.28,0.1924736842105263,1
2021-01-02,Tottenham Hotspur,Leeds United,3,0,2.3,-1.3,90,0.0,15.2,3,0,0,1,0,0,1,3,3,win,0,1,0,0,1,1,0,-3.6,1,1,2021,2020,winter,1,0,0,0,160,0.4210526315789473,1.0,1.0,1.2,-0.2,1.8,2.8,2.0,0.8,1.0,2.1,-1.1,0.6526315789473685,1
2021-01-02,West Bromwich Albion,Arsenal,0,4,-0.2,-4.0,95,1.4,13.5,73,0,0,1,0,0,1,4,-4,loss,1,1,0,0,1,1,0,-3.8,1,1,2021,2020,winter,1,0,0,0,161,0.4236842105263158,0.4,0.6,2.4,-1.8,1.4,1.2,1.0,0.2,0.4599999999999999,1.34,-0.8799999999999999,0.3813157894736841,1
2021-01-03,Chelsea,Manchester City,1,3,1.8,-2.1,92,0.6,19.7,51,0,0,1,0,0,1,4,-2,loss,1,1,0,0,1,1,0,-3.9,1,1,2021,2020,winter,1,0,0,0,162,0.4263157894736842,0.8,1.2,1.4,-0.2,2.2,1.2,0.2,1.0,0.92,1.9,-0.98,0.6011052631578947,1
2021-01-03,Newcastle United,Leicester City,1,2,3.8,-0.2,90,3.6,19.8,71,0,0,1,0,0,1,3,-1,loss,1,1,0,0,1,1,0,-4.0,1,1,2021,2020,winter,1,0,0,0,163,0.4289473684210526,1.0,1.0,1.8,-0.8,1.6,1.6,1.0,0.6,1.0,1.6,-0.5999999999999999,0.5576315789473684,1
2021-01-04,Southampton,Liverpool,1,0,2.9,-2.3,85,0.1,27.5,51,0,0,1,0,0,1,1,1,win,1,1,0,0,1,1,0,-5.199999999999999,1,1,2021,2020,winter,1,0,0,0,164,0.431578947368421,1.2,0.8,0.4,0.4,1.8,2.2,0.6,1.6,1.08,1.92,-0.8399999999999999,0.6473684210526316,1
2021-01-12,Burnley,Manchester United,0,1,2.2,-1.1,89,4.3,20.6,61,0,0,1,0,0,1,1,-1,loss,1,1,0,0,1,1,0,-3.3000000000000003,1,1,2021,2020,winter,1,0,0,0,165,0.4342105263157895,2.0,0.8,0.4,0.4,2.6,2.8,1.4,1.4,1.64,2.66,-1.0199999999999998,0.9335526315789474,1
2021-01-12,Sheffield United,Newcastle United,1,0,3.1,-0.7,84,3.8,21.1,55,0,0,1,0,0,1,1,1,win,1,1,0,0,0,1,0,-3.8,1,1,2021,2020,winter,1,0,0,0,166,0.4368421052631579,0.2,0.6,1.6,-1.0,0.4,0.8,2.0,-1.2,0.3199999999999999,0.52,-0.2,0.1834736842105263,1
2021-01-14,Arsenal,Crystal Palace,0,0,4.1,0.5,95,28.4,22.3,63,1,0,0,0,0,1,0,0,draw,1,1,0,0,1,1,0,-3.6,1,1,2021,2020,winter,1,0,0,0,170,0.4473684210526316,2.0,2.0,0.8,1.2,1.0,0.8,2.4,-1.6,2.0,0.94,1.06,0.6576315789473685,1
2021-01-16,Fulham,Chelsea,0,1,4.1,0.0,87,6.3,24.1,73,0,0,1,0,0,1,1,-1,loss,1,1,0,0,1,1,0,-4.1,1,1,2021,2020,winter,1,0,0,0,171,0.45,1.0,0.6,0.6,0.0,0.8,1.4,1.8,-0.4,0.8799999999999999,0.98,-0.1,0.4185,1
2021-01-16,Leeds United,Brighton,0,1,3.9,-0.4,89,6.1,23.3,73,0,0,1,0,0,1,1,-1,loss,1,1,0,0,1,1,0,-4.3,1,1,2021,2020,winter,1,0,0,0,172,0.4526315789473684,1.8,2.6,2.2,0.4,0.6,1.2,1.6,-0.4,2.04,0.78,1.26,0.6382105263157896,1
2021-01-16,Leicester City,Southampton,2,0,4.2,-0.5,90,5.5,32.5,73,0,0,1,0,0,1,2,2,win,1,1,0,1,1,1,0,-4.7,1,1,2021,2020,winter,1,0,0,0,173,0.4552631578947368,1.6,1.4,1.2,0.2,1.2,0.4,0.4,0.0,1.5399999999999998,0.96,0.5799999999999998,0.5690789473684211,1
2021-01-16,Wolverhampton Wanderers,West Bromwich Albion,2,3,4.8,0.0,89,4.8,34.7,73,0,0,1,0,0,1,5,-1,loss,1,1,0,1,1,1,0,-4.8,1,1,2021,2020,winter,1,0,0,0,175,0.4605263157894737,0.4,1.2,1.8,-0.6,0.4,0.4,2.8,-2.4,0.6399999999999999,0.3999999999999999,0.2399999999999999,0.2394736842105262,1
2021-01-20,Manchester City,Aston Villa,2,0,8.5,4.9,93,41.5,32.4,75,1,0,0,0,1,1,2,2,win,1,1,0,1,1,1,0,-3.6,1,1,2021,2020,winter,1,0,0,0,183,0.481578947368421,3.0,2.2,0.2,2.0,1.6,1.6,0.6,1.0,2.76,1.6,1.16,1.0498421052631577,0
2021-01-21,Liverpool,Burnley,0,1,4.3,-2.1,82,2.9,38.6,71,0,0,1,0,0,1,1,-1,loss,1,1,0,1,0,1,0,-6.4,1,1,2021,2020,winter,1,0,0,0,184,0.4842105263157895,1.2,1.6,0.4,1.2,1.2,0.6,0.8,-0.2,1.3199999999999998,1.02,0.2999999999999998,0.5665263157894737,1
2021-01-23,Aston Villa,Newcastle United,2,0,-0.3,-4.3,92,0.2,14.9,51,0,0,1,0,0,1,2,2,win,1,1,0,0,1,1,0,-4.0,1,1,2021,2020,winter,1,0,0,0,185,0.4868421052631579,1.4,1.6,1.0,0.6,0.2,0.2,1.6,-1.4,1.46,0.1999999999999999,1.26,0.404078947368421,1
2021-01-26,Crystal Palace,West Ham United,2,3,2.6,-1.5,89,4.0,23.8,53,0,0,1,0,0,1,5,-1,loss,1,1,0,0,1,1,0,-4.1,1,1,2021,2020,winter,1,0,0,0,186,0.4894736842105263,1.0,0.6,1.6,-1.0,2.2,1.2,0.6,0.6,0.8799999999999999,1.9,-1.02,0.6803684210526315,1
2021-01-26,Newcastle United,Leeds United,1,2,2.0,-1.3,91,2.4,13.7,71,0,0,1,0,0,1,3,-1,loss,1,1,0,0,1,1,0,-3.3,1,1,2021,2020,winter,1,0,0,0,187,0.4921052631578947,0.2,0.2,1.6,-1.4,1.2,1.6,2.0,-0.4,0.1999999999999999,1.3199999999999998,-1.12,0.3739999999999999,1
2021-01-26,West Bromwich Albion,Manchester City,0,5,1.4,-2.8,93,1.3,21.6,51,0,0,1,0,0,1,5,-5,loss,1,1,0,0,1,1,0,-4.199999999999999,1,1,2021,2020,winter,1,0,0,0,189,0.4973684210526315,0.8,1.0,2.8,-1.8,3.0,2.4,0.2,2.2,0.8599999999999999,2.8199999999999994,-1.9599999999999995,0.915157894736842,1
2021-01-28,Tottenham Hotspur,Liverpool,1,3,10.0,7.1,91,15.9,26.3,63,1,0,0,0,0,1,4,-2,loss,1,0,0,0,1,1,0,-2.9000000000000004,1,1,2021,2020,winter,1,0,0,0,195,0.5131578947368421,1.6,1.6,1.0,0.6,0.6,0.2,0.6,-0.4,1.6,0.48,1.12,0.5336842105263159,0
2021-01-30,Arsenal,Manchester United,0,0,4.1,-0.7,92,16.1,29.2,73,1,0,1,0,0,1,0,0,draw,1,1,0,0,1,1,0,-4.8,1,1,2021,2020,winter,1,0,0,0,196,0.5157894736842106,2.6,2.2,0.2,2.0,2.0,1.2,0.8,0.4,2.48,1.7599999999999998,0.7200000000000002,1.0934736842105264,1
2021-01-30,Crystal Palace,Wolverhampton Wanderers,1,0,4.7,0.1,91,14.0,28.7,61,1,0,0,0,0,1,1,1,win,1,1,0,0,1,1,0,-4.6000000000000005,1,1,2021,2020,winter,1,0,0,0,197,0.5184210526315789,1.0,1.0,1.6,-0.6,0.4,1.2,1.8,-0.6,1.0,0.6399999999999999,0.3600000000000001,0.4251052631578946,1
2021-01-30,Everton,Newcastle United,0,2,3.3,-2.8,75,1.1,33.5,51,0,0,1,0,0,1,2,-2,loss,1,1,0,1,0,1,0,-6.1,1,1,2021,2020,winter,1,0,0,0,198,0.5210526315789473,2.0,1.2,0.8,0.4,0.0,0.4,2.0,-1.6,1.7599999999999998,0.12,1.6399999999999997,0.4897894736842104,1
2021-01-30,Manchester City,Sheffield United,1,0,3.4,-2.6,74,0.5,35.7,51,0,0,1,0,0,1,1,1,win,1,1,0,1,0,1,0,-6.0,1,1,2021,2020,winter,1,0,0,0,199,0.5236842105263158,3.0,3.0,0.2,2.8,1.2,0.8,1.4,-0.6,3.0,1.08,1.9199999999999997,1.068315789473684,1
2021-01-30,Southampton,Aston Villa,0,1,6.2,1.9,91,10.3,27.4,61,1,0,0,0,0,1,1,-1,loss,1,1,0,0,1,1,0,-4.300000000000001,1,1,2021,2020,winter,1,0,0,0,200,0.5263157894736842,1.0,0.4,1.0,-0.6,0.8,1.2,1.6,-0.4,0.82,0.92,-0.0999999999999999,0.4578947368421052,0
2021-01-30,West Bromwich Albion,Fulham,2,2,2.0,-3.6,92,13.1,29.1,75,1,0,1,0,1,1,4,0,draw,1,1,0,0,1,1,0,-5.6,1,1,2021,2020,winter,1,0,0,0,201,0.5289473684210526,0.6,0.8,3.6,-2.8,0.6,0.4,0.8,-0.4,0.6599999999999999,0.54,0.1199999999999998,0.3173684210526316,1
2021-01-31,Brighton,Tottenham Hotspur,1,0,3.1,-1.6,88,2.9,25.9,55,0,0,1,0,0,1,1,1,win,1,1,0,0,1,1,0,-4.7,1,1,2021,2020,winter,1,0,0,0,202,0.531578947368421,1.0,0.8,1.0,-0.2,1.6,1.8,1.2,0.6,0.94,1.66,-0.72,0.6910526315789473,1
2021-01-31,Chelsea,Burnley,2,0,2.3,-2.2,85,2.0,21.6,71,0,0,1,0,0,1,2,2,win,1,1,0,0,1,1,0,-4.5,1,1,2021,2020,winter,1,0,0,0,203,0.5342105263157895,1.0,0.6,1.2,-0.6,1.8,1.0,0.8,0.2,0.8799999999999999,1.56,-0.6800000000000002,0.6517368421052632,1
2021-01-31,Leicester City,Leeds United,1,3,0.6,-4.2,83,0.2,19.6,71,0,0,1,0,0,1,4,-2,loss,1,1,0,0,0,1,0,-4.8,1,1,2021,2020,winter,1,0,0,0,204,0.5368421052631579,2.2,1.6,0.6,1.0,1.8,1.6,1.0,0.6,2.02,1.74,0.28,1.0092631578947369,1
2021-01-31,West Ham United,Liverpool,1,3,2.5,-2.0,84,2.2,20.8,53,0,0,1,0,0,1,4,-2,loss,1,1,0,0,0,1,0,-4.5,1,1,2021,2020,winter,1,0,0,0,205,0.5394736842105263,2.6,1.4,0.6,0.8,1.0,0.6,0.6,0.0,2.24,0.8799999999999999,1.36,0.841578947368421,1
2021-02-02,Manchester United,Southampton,9,0,4.2,-0.1,90,24.6,31.1,75,1,0,1,0,1,1,9,9,win,1,1,0,1,1,1,0,-4.3,1,2,2021,2020,winter,1,0,0,0,206,0.5421052631578948,1.6,0.8,0.6,0.2,0.8,0.4,1.2,-0.8,1.36,0.6799999999999999,0.6799999999999999,0.5529473684210526,1
2021-02-02,Newcastle United,Crystal Palace,1,2,2.6,-2.0,90,16.2,25.6,73,1,0,1,0,0,1,3,-1,loss,1,1,0,0,1,1,0,-4.6,1,2,2021,2020,winter,1,0,0,0,207,0.5447368421052632,0.6,0.6,1.6,-1.0,1.4,1.0,1.4,-0.4,0.6,1.2799999999999998,-0.6799999999999998,0.5120526315789473,1
2021-02-02,Sheffield United,West Bromwich Albion,2,1,1.6,-1.9,97,24.7,19.1,75,1,0,1,0,1,1,3,1,win,1,1,0,0,1,1,0,-3.5,1,2,2021,2020,winter,1,0,0,0,208,0.5473684210526316,1.2,0.8,1.4,-0.6,0.8,1.2,3.0,-1.8,1.08,0.92,0.1600000000000001,0.5473684210526316,1
2021-02-02,Wolverhampton Wanderers,Arsenal,2,1,6.9,3.2,92,14.7,23.9,73,1,0,0,0,0,1,3,1,win,1,1,0,0,1,1,0,-3.7,1,2,2021,2020,winter,1,0,0,0,209,0.55,0.4,1.2,1.8,-0.6,2.2,2.0,0.2,1.8,0.6399999999999999,2.14,-1.5000000000000002,0.7645000000000002,0
2021-02-06,Aston Villa,Arsenal,1,0,2.4,-0.8,95,2.8,25.2,73,0,0,1,0,0,1,1,1,win,1,1,0,0,1,1,0,-3.2,1,2,2021,2020,winter,1,0,0,0,216,0.5684210526315789,1.2,1.2,1.6,-0.4,1.6,1.4,0.6,0.8,1.2,1.5399999999999998,-0.3399999999999998,0.7787368421052631,1
2021-02-06,Burnley,Brighton,1,1,3.3,-1.6,97,20.6,31.7,75,1,0,1,0,1,1,2,0,draw,1,1,0,1,1,1,0,-4.9,1,2,2021,2020,winter,1,0,0,0,217,0.5710526315789474,1.2,0.8,1.4,-0.6,2.0,0.6,0.2,0.4,1.08,1.5799999999999998,-0.4999999999999998,0.7595000000000001,1
2021-02-06,Manchester United,Everton,3,3,4.2,0.3,90,11.0,25.8,61,1,0,0,0,0,1,6,0,draw,1,1,0,0,1,1,0,-3.9,1,2,2021,2020,winter,1,0,0,0,219,0.5763157894736842,1.6,2.4,0.6,1.8,1.4,1.0,1.2,-0.2,1.84,1.2799999999999998,0.56,0.8990526315789473,1
2021-02-06,Newcastle United,Southampton,3,2,3.8,-1.5,93,11.8,30.1,71,1,0,1,0,0,1,5,1,win,1,1,0,1,1,1,0,-5.3,1,2,2021,2020,winter,1,0,0,0,220,0.5789473684210527,0.6,0.8,1.8,-1.0,0.6,0.4,3.0,-2.6,0.6599999999999999,0.54,0.1199999999999998,0.3473684210526316,1
2021-02-07,Liverpool,Manchester City,1,4,2.0,-3.8,69,0.0,26.5,3,0,0,1,0,0,1,5,-3,loss,0,1,0,0,0,1,0,-5.8,1,2,2021,2020,winter,1,0,0,0,221,0.5815789473684211,1.4,1.2,0.8,0.4,3.0,2.8,0.0,2.8,1.34,2.9399999999999995,-1.5999999999999996,1.244578947368421,1
2021-02-07,Sheffield United,Chelsea,1,2,1.4,-5.1,71,1.5,30.7,71,0,0,1,0,0,1,3,-1,loss,1,1,0,1,0,1,0,-6.5,1,2,2021,2020,winter,1,0,0,0,222,0.5842105263157895,1.8,1.2,1.2,0.0,2.0,0.8,0.4,0.4,1.62,1.64,-0.0199999999999997,0.9522631578947368,1
2021-02-07,Tottenham Hotspur,West Bromwich Albion,2,0,0.9,-5.5,81,4.8,32.4,73,0,0,1,0,0,1,2,2,win,1,1,0,1,0,1,0,-6.4,1,2,2021,2020,winter,1,0,0,0,223,0.5868421052631579,0.8,1.0,1.4,-0.4,0.8,1.4,2.6,-1.2,0.8599999999999999,0.98,-0.1200000000000001,0.5398947368421053,1
2021-02-07,Wolverhampton Wanderers,Leicester City,0,0,1.1,-4.9,75,1.5,25.4,73,0,0,1,0,0,1,0,0,draw,1,1,0,0,0,1,0,-6.0,1,2,2021,2020,winter,1,0,0,0,224,0.5894736842105263,0.8,1.0,1.4,-0.4,2.0,1.6,0.8,0.8,0.8599999999999999,1.88,-1.02,0.807578947368421,1
2021-02-08,Leeds United,Crystal Palace,2,0,0.1,-5.9,73,0.6,29.8,71,0,0,1,0,0,1,2,2,win,1,1,0,0,0,1,0,-6.0,1,2,2021,2020,winter,1,0,0,0,225,0.5921052631578947,1.2,1.2,1.6,-0.4,1.4,1.0,1.6,-0.6,1.2,1.2799999999999998,-0.0799999999999998,0.7342105263157893,1
2021-02-13,Brighton,Aston Villa,0,0,-0.3,-7.3,57,0.0,30.9,3,0,0,1,0,0,1,0,0,draw,0,1,0,1,0,1,0,-7.0,1,2,2021,2020,winter,1,0,0,0,226,0.5947368421052631,2.2,0.8,0.2,0.6,1.8,1.4,1.2,0.2,1.78,1.68,0.1,1.028894736842105,1
2021-02-13,Crystal Palace,Burnley,0,3,-2.5,-8.4,66,0.0,23.6,3,0,0,1,0,0,1,3,-3,loss,0,1,0,0,0,1,0,-5.9,1,2,2021,2020,winter,1,0,0,0,227,0.5973684210526315,1.2,1.0,2.0,-1.0,1.4,1.0,1.4,-0.4,1.14,1.2799999999999998,-0.1399999999999999,0.7228157894736842,1
2021-02-13,Leicester City,Liverpool,3,1,-2.2,-9.0,62,0.1,29.3,71,0,0,1,0,0,1,4,2,win,1,1,0,0,0,1,0,-6.8,1,2,2021,2020,winter,1,0,0,0,228,0.6,1.6,1.2,0.8,0.4,1.2,1.4,1.6,-0.2,1.48,1.26,0.2199999999999999,0.8220000000000001,1
2021-02-13,Manchester City,Tottenham Hotspur,3,0,-1.2,-7.5,56,0.1,25.7,71,0,0,1,0,0,1,3,3,win,1,1,0,0,0,1,0,-6.3,1,2,2021,2020,winter,1,0,0,0,229,0.6026315789473684,3.0,2.8,0.2,2.6,1.2,1.2,1.2,0.0,2.9399999999999995,1.2,1.7399999999999995,1.2474473684210523,1
2021-02-14,Arsenal,Leeds United,4,2,2.3,-3.3,66,1.0,25.6,51,0,0,1,0,0,1,6,2,win,1,1,0,0,0,1,0,-5.6,1,2,2021,2020,winter,1,0,0,0,230,0.6052631578947368,1.4,1.4,0.8,0.6,1.8,1.6,1.0,0.6,1.4,1.74,-0.3400000000000001,0.9502631578947368,1
2021-02-14,Everton,Fulham,0,2,4.1,-2.8,79,3.0,40.8,53,0,0,1,0,0,1,2,-2,loss,1,1,0,1,0,1,0,-6.9,1,2,2021,2020,winter,1,0,0,0,231,0.6078947368421053,1.6,1.6,1.6,0.0,0.6,0.6,1.2,-0.6,1.6,0.6,1.0,0.6686842105263157,1
2021-02-14,Southampton,Wolverhampton Wanderers,1,2,4.3,-0.9,78,6.7,25.6,53,0,0,1,0,0,1,3,-1,loss,1,1,0,0,0,1,0,-5.2,1,2,2021,2020,winter,1,0,0,0,232,0.6105263157894737,0.0,0.6,3.6,-3.0,1.0,0.8,1.0,-0.2,0.18,0.94,-0.76,0.3418947368421052,1
2021-02-14,West Bromwich Albion,Manchester United,1,1,2.9,-3.4,80,5.8,33.6,61,0,0,1,0,0,1,2,0,draw,1,1,0,1,0,1,0,-6.3,1,2,2021,2020,winter,1,0,0,0,233,0.6131578947368421,0.2,0.8,2.6,-1.8,1.6,3.0,1.2,1.8,0.38,2.02,-1.6399999999999997,0.7357894736842104,1
2021-03-03,Burnley,Leicester City,1,1,2.3,-0.8,93,0.5,12.0,51,0,0,1,0,0,1,2,0,draw,1,1,0,0,1,1,0,-3.1,1,3,2021,2020,spring,0,1,0,0,260,0.6842105263157895,1.2,1.0,1.2,-0.2,2.0,1.6,1.0,0.6,1.14,1.88,-0.74,1.033157894736842,1
2021-03-04,West Bromwich Albion,Everton,0,1,3.5,-0.5,84,0.7,17.8,53,0,0,1,0,0,1,1,-1,loss,1,1,0,0,0,1,0,-4.0,1,3,2021,2020,spring,0,1,0,0,265,0.6973684210526315,1.0,0.6,1.0,-0.4,1.4,1.4,1.6,-0.2,0.8799999999999999,1.4,-0.52,0.7949999999999998,1
2021-03-06,Aston Villa,Wolverhampton Wanderers,0,0,1.1,-2.4,77,0.0,9.4,3,0,0,1,0,0,1,0,0,draw,0,1,0,0,0,1,0,-3.5,1,3,2021,2020,spring,0,1,0,0,266,0.7,1.4,0.6,0.6,0.0,1.6,1.0,1.2,-0.2,1.16,1.42,-0.26,0.903,1
2021-03-06,Brighton,Leicester City,1,2,2.9,-1.3,74,0.0,16.0,3,0,0,1,0,0,1,3,-1,loss,0,1,0,0,0,1,0,-4.2,1,3,2021,2020,spring,0,1,0,0,267,0.7026315789473684,1.0,0.6,0.8,-0.2,1.6,1.4,1.2,0.2,0.8799999999999999,1.5399999999999998,-0.6599999999999999,0.8501842105263158,1
2021-03-06,Burnley,Arsenal,1,1,2.2,-1.0,77,0.0,7.6,3,0,0,1,0,0,1,2,0,draw,0,1,0,0,0,1,0,-3.2,1,3,2021,2020,spring,0,1,0,0,268,0.7052631578947368,1.2,1.0,1.2,-0.2,1.2,1.6,1.4,0.2,1.14,1.3199999999999998,-0.1799999999999999,0.8674736842105263,1
2021-03-06,Sheffield United,Southampton,0,2,2.4,-0.7,70,0.0,6.7,3,0,0,1,0,0,1,2,-2,loss,0,1,0,0,0,1,0,-3.1,1,3,2021,2020,spring,0,1,0,0,269,0.7078947368421052,0.6,0.4,1.6,-1.2,0.2,0.8,2.0,-1.2,0.54,0.38,0.16,0.3256315789473684,1
2021-03-07,Liverpool,Fulham,0,1,3.1,-0.2,85,0.0,14.0,3,0,0,1,0,0,1,1,-1,loss,0,1,0,0,1,1,0,-3.3000000000000003,1,3,2021,2020,spring,0,1,0,0,270,0.7105263157894737,0.6,0.8,2.0,-1.2,1.6,0.8,0.4,0.4,0.6599999999999999,1.36,-0.7,0.7176315789473683,1
2021-03-07,Manchester City,Manchester United,0,2,2.1,-1.0,82,0.0,11.2,3,0,0,1,0,0,1,2,-2,loss,0,1,0,0,0,1,0,-3.1,1,3,2021,2020,spring,0,1,0,0,271,0.7131578947368421,3.0,2.6,0.6,2.0,1.4,1.4,1.0,0.4,2.88,1.4,1.48,1.526157894736842,1
2021-03-07,Tottenham Hotspur,Crystal Palace,4,1,2.4,-0.8,76,0.0,8.6,3,0,0,1,0,0,1,5,3,win,0,1,0,0,0,1,0,-3.2,1,3,2021,2020,spring,0,1,0,0,272,0.7157894736842105,1.8,1.6,1.0,0.6,1.0,0.4,1.2,-0.8,1.74,0.82,0.92,0.9162105263157896,1
2021-03-07,West Bromwich Albion,Newcastle United,0,0,1.3,-2.2,77,0.0,8.9,3,0,0,1,0,0,1,0,0,draw,0,1,0,0,0,1,0,-3.5,1,3,2021,2020,spring,0,1,0,0,273,0.718421052631579,1.0,0.4,0.8,-0.4,0.8,1.2,2.0,-0.8,0.82,0.92,-0.0999999999999999,0.6250263157894737,1
2021-03-10,Manchester City,Southampton,5,2,8.5,3.3,87,14.8,36.0,61,1,0,0,0,0,1,7,3,win,1,1,0,1,1,1,0,-5.2,1,3,2021,2020,spring,0,1,0,0,276,0.7263157894736842,2.4,2.0,1.0,1.0,0.8,0.8,1.4,-0.6,2.28,0.7999999999999999,1.48,1.1185263157894736,0
2021-03-12,Newcastle United,Aston Villa,1,1,5.3,-0.4,72,0.2,37.0,51,0,0,1,0,0,1,2,0,draw,1,1,0,1,0,1,0,-5.7,1,3,2021,2020,spring,0,1,0,0,277,0.7289473684210527,1.0,1.0,1.6,-0.6,1.0,0.4,0.6,-0.2,1.0,0.82,0.18,0.6633421052631578,0
2021-03-13,Crystal Palace,West Bromwich Albion,1,0,6.3,-0.0,70,4.8,39.6,61,0,0,1,0,0,1,1,1,win,1,1,0,1,0,1,0,-6.3,1,3,2021,2020,spring,0,1,0,0,278,0.7315789473684211,1.0,0.6,1.6,-1.0,1.2,0.4,0.4,0.0,0.8799999999999999,0.96,-0.08,0.6730526315789473,0
2021-03-13,Everton,Burnley,1,2,5.4,-1.6,80,10.0,44.8,71,1,0,1,0,0,1,3,-1,loss,1,1,0,1,0,1,0,-7.0,1,3,2021,2020,spring,0,1,0,0,279,0.7342105263157894,1.8,1.0,1.0,0.0,0.8,0.6,1.4,-0.8,1.56,0.74,0.8200000000000001,0.8443421052631578,0
2021-03-13,Leeds United,Chelsea,0,0,4.9,-1.2,81,4.3,42.6,61,0,0,1,0,0,1,0,0,draw,1,1,0,1,0,1,0,-6.1000000000000005,1,3,2021,2020,spring,0,1,0,0,281,0.7394736842105263,0.6,1.0,1.6,-0.6,2.2,1.2,0.2,1.0,0.72,1.9,-1.18,0.9687105263157896,1
2021-04-05,Everton,Crystal Palace,1,1,4.7,-2.1,55,0.5,39.2,51,0,0,1,0,0,1,2,0,draw,1,1,0,1,0,1,0,-6.800000000000001,1,4,2021,2020,spring,0,1,0,0,299,0.7868421052631579,1.8,1.0,0.8,0.2,1.6,0.8,1.0,-0.2,1.56,1.36,0.2000000000000001,1.1487894736842106,1
2021-04-05,Wolverhampton Wanderers,West Ham United,2,3,4.1,-1.8,59,0.6,29.9,51,0,0,1,0,0,1,5,-1,loss,1,1,0,0,0,1,0,-5.9,1,4,2021,2020,spring,0,1,0,0,300,0.7894736842105263,1.0,0.6,1.2,-0.6,1.4,1.6,1.4,0.2,0.8799999999999999,1.46,-0.5800000000000001,0.9236842105263158,1
2021-04-10,Liverpool,Aston Villa,2,1,3.6,-0.1,68,0.3,17.7,51,0,0,1,0,0,1,3,1,win,1,1,0,0,0,1,0,-3.7,1,4,2021,2020,spring,0,1,0,0,303,0.7973684210526316,1.8,1.2,0.4,0.8,1.0,0.8,1.0,-0.2,1.62,0.94,0.6800000000000002,1.0206315789473686,1
2021-04-10,Manchester City,Leeds United,1,2,2.9,-0.1,81,3.1,10.6,55,0,0,1,0,0,1,3,-1,loss,1,1,0,0,0,1,0,-3.0,1,4,2021,2020,spring,0,1,0,0,304,0.8,2.4,2.8,1.0,1.8,1.4,0.8,1.0,-0.2,2.52,1.2199999999999998,1.3000000000000005,1.496,1
2021-04-11,Burnley,Newcastle United,1,2,1.5,-2.2,76,0.2,15.9,71,0,0,1,0,0,1,3,-1,loss,1,1,0,0,0,1,0,-3.7,1,4,2021,2020,spring,0,1,0,0,305,0.8026315789473685,1.0,1.2,2.0,-0.8,0.8,0.8,1.4,-0.6,1.06,0.7999999999999999,0.2600000000000001,0.7464473684210526,1
2021-04-11,Sheffield United,Arsenal,0,3,2.4,-1.7,75,2.9,20.8,75,0,0,1,0,1,1,3,-3,loss,1,1,0,0,0,1,0,-4.1,1,4,2021,2020,spring,0,1,0,0,306,0.8052631578947368,0.6,0.4,2.2,-1.8,1.6,1.8,1.8,0.0,0.54,1.66,-1.12,0.8857894736842106,1
2021-04-11,Tottenham Hotspur,Manchester United,1,3,3.6,-0.6,72,0.4,19.4,51,0,0,1,0,0,1,4,-2,loss,1,1,0,0,0,1,0,-4.2,1,4,2021,2020,spring,0,1,0,0,307,0.8078947368421052,2.0,2.0,1.0,1.0,2.2,1.0,0.2,0.8,2.0,1.84,0.1599999999999999,1.551157894736842,1
2021-04-11,West Ham United,Leicester City,3,2,3.9,-0.3,71,0.2,18.5,51,0,0,1,0,0,1,5,1,win,1,1,0,0,0,1,0,-4.2,1,4,2021,2020,spring,0,1,0,0,308,0.8105263157894737,1.4,1.8,1.6,0.2,1.4,1.8,1.4,0.4,1.52,1.52,0.0,1.232,1
2021-04-12,Brighton,Everton,0,0,3.2,-0.1,75,1.1,13.3,71,0,0,1,0,0,1,0,0,draw,1,1,0,0,0,1,0,-3.3000000000000003,1,4,2021,2020,spring,0,1,0,0,309,0.8131578947368421,1.2,1.4,1.2,0.2,1.4,0.8,1.0,-0.2,1.26,1.2199999999999998,0.0400000000000002,1.008315789473684,1
2021-04-12,West Bromwich Albion,Southampton,3,0,3.2,-0.5,70,2.3,13.0,73,0,0,1,0,0,1,3,3,win,1,1,0,0,0,1,0,-3.7,1,4,2021,2020,spring,0,1,0,0,310,0.8157894736842105,1.4,1.2,0.8,0.4,1.2,1.6,2.0,-0.4,1.34,1.3199999999999998,0.02,1.085,1
2021-05-03,Burnley,West Ham United,1,2,6.3,2.1,91,26.8,39.3,63,1,0,0,0,0,1,3,-1,loss,1,1,0,1,1,1,0,-4.199999999999999,1,5,2021,2020,spring,0,1,0,0,336,0.8842105263157894,1.2,2.0,1.8,0.2,1.4,2.2,2.2,0.0,1.44,1.64,-0.1999999999999999,1.3616842105263158,0
2021-05-03,West Bromwich Albion,Wolverhampton Wanderers,1,1,7.0,2.0,87,13.4,42.3,63,1,0,0,0,0,1,2,0,draw,1,1,0,1,1,1,0,-5.0,1,5,2021,2020,spring,0,1,0,0,337,0.8868421052631579,1.4,2.0,1.6,0.4,1.2,0.8,1.6,-0.8,1.5799999999999998,1.08,0.4999999999999998,1.1795,0
2021-05-08,Leeds United,Tottenham Hotspur,3,1,8.5,5.6,87,16.0,22.9,63,1,0,0,0,0,1,4,2,win,1,1,0,0,1,1,0,-2.9000000000000004,1,5,2021,2020,spring,0,1,0,0,339,0.8921052631578947,1.6,1.0,1.0,0.0,1.6,2.2,1.6,0.6,1.42,1.7799999999999998,-0.3599999999999999,1.4273684210526314,0
2021-05-08,Liverpool,Southampton,2,0,9.9,6.1,81,15.7,31.2,63,1,0,0,0,0,1,2,2,win,1,1,0,1,0,1,0,-3.8000000000000007,1,5,2021,2020,spring,0,1,0,0,340,0.8947368421052632,2.2,1.6,0.6,1.0,0.8,1.2,2.0,-0.8,2.02,0.92,1.1,1.315263157894737,0
2021-05-08,Manchester City,Chelsea,1,2,9.8,6.4,83,17.2,29.3,63,1,0,0,0,0,1,3,-1,loss,1,1,0,0,0,1,0,-3.4000000000000004,1,5,2021,2020,spring,0,1,0,0,341,0.8973684210526316,2.4,2.0,0.6,1.4,2.0,1.8,1.2,0.6,2.28,1.94,0.3399999999999998,1.8934473684210529,0
2021-05-08,Sheffield United,Crystal Palace,0,2,9.2,6.0,87,17.9,26.0,63,1,0,0,0,0,1,2,-2,loss,1,1,0,0,1,1,0,-3.1999999999999997,1,5,2021,2020,spring,0,1,0,0,342,0.9,0.6,0.4,2.0,-1.6,0.8,0.8,1.8,-1.0,0.54,0.7999999999999999,-0.2599999999999999,0.603,0
2021-05-23,Aston Villa,Chelsea,2,1,7.9,3.6,81,11.1,35.3,63,1,0,0,0,0,1,3,1,win,1,1,0,1,0,1,0,-4.300000000000001,1,5,2021,2020,spring,0,1,0,0,372,0.9789473684210528,1.4,1.4,1.6,-0.2,2.4,1.4,0.6,0.8,1.4,2.1,-0.7000000000000002,1.7131578947368422,0
2021-08-21,Leeds United,Everton,2,2,16.9,17.8,92,10.3,14.2,61,1,0,0,0,0,1,4,0,draw,1,0,0,0,1,0,0,0.9000000000000021,1,8,2021,2021,summer,0,0,1,0,14,0.0368421052631578,2.4,2.6,1.4,1.2,1.4,0.8,1.4,-0.6,2.46,1.2199999999999998,1.2400000000000002,0.0677894736842105,0
2021-08-21,Liverpool,Burnley,2,0,16.8,17.0,91,10.1,16.4,61,1,0,0,0,0,1,2,2,win,1,0,0,0,1,0,0,0.1999999999999993,1,8,2021,2021,summer,0,0,1,0,15,0.0394736842105263,3.0,2.8,0.6,2.2,0.6,0.6,2.0,-1.4,2.9399999999999995,0.6,2.3399999999999994,0.0698684210526315,0
2021-10-02,Brighton,Arsenal,0,0,14.0,10.0,81,29.0,54.9,63,1,1,0,0,0,1,0,0,draw,1,0,0,1,0,0,0,-4.0,1,10,2021,2021,autumn,0,0,0,1,61,0.1605263157894736,2.0,1.2,0.8,0.4,1.8,1.0,1.6,-0.6,1.7599999999999998,1.56,0.1999999999999997,0.2664736842105263,0
2021-10-02,Burnley,Norwich City,0,0,9.5,6.0,90,11.5,30.0,61,1,0,0,0,0,1,0,0,draw,1,1,0,1,1,1,0,-3.5,1,10,2021,2021,autumn,0,0,0,1,62,0.1631578947368421,0.4,0.8,1.8,-1.0,0.0,0.4,2.6,-2.2,0.52,0.12,0.4,0.0522105263157894,0
2021-10-02,Chelsea,Southampton,3,1,12.2,9.4,86,21.9,37.1,63,1,0,0,0,0,1,4,2,win,1,0,0,1,1,1,0,-2.799999999999999,1,10,2021,2021,autumn,0,0,0,1,63,0.1657894736842105,2.0,1.8,0.4,1.4,0.8,0.6,0.8,-0.2,1.94,0.74,1.2,0.222157894736842,0
2021-10-02,Manchester United,Everton,1,1,10.5,7.4,86,10.5,30.3,61,1,0,0,0,0,1,2,0,draw,1,0,0,1,1,1,0,-3.1,1,10,2021,2021,autumn,0,0,0,1,65,0.1710526315789473,2.0,1.6,0.8,0.8,2.0,1.8,1.2,0.6,1.88,1.94,-0.06,0.3267105263157894,0
2021-10-30,Burnley,Brentford,3,1,8.7,5.1,88,10.3,24.5,63,1,0,0,0,0,1,4,2,win,1,1,0,0,1,1,0,-3.6,1,10,2021,2021,autumn,0,0,0,1,91,0.2394736842105263,0.6,0.8,1.4,-0.6,1.4,1.6,1.4,0.2,0.6599999999999999,1.46,-0.8,0.2538421052631579,0
2021-10-31,Aston Villa,West Ham United,1,4,9.6,4.5,82,14.4,39.7,63,1,0,0,0,0,1,5,-3,loss,1,1,0,1,0,1,0,-5.1,1,10,2021,2021,autumn,0,0,0,1,98,0.2578947368421053,1.2,1.6,1.6,0.0,1.8,1.2,1.0,0.2,1.3199999999999998,1.62,-0.3000000000000002,0.3791052631578948,0
2021-11-27,Arsenal,Newcastle United,2,0,3.0,-3.7,81,5.6,39.8,73,0,0,1,0,0,1,2,2,win,1,1,0,1,0,1,0,-6.7,1,11,2021,2021,autumn,0,0,0,1,121,0.3184210526315789,2.0,1.6,1.4,0.2,0.6,1.4,2.2,-0.8,1.88,0.84,1.04,0.4330526315789473,1
2021-11-27,Brighton,Leeds United,0,0,3.7,-3.7,75,1.2,42.0,71,0,0,1,0,0,1,0,0,draw,1,1,0,1,0,1,0,-7.4,1,11,2021,2021,autumn,0,0,0,1,122,0.3210526315789473,0.6,0.8,1.8,-1.0,1.0,1.0,1.2,-0.2,0.6599999999999999,1.0,-0.3400000000000001,0.2664736842105263,1
2021-11-27,Crystal Palace,Aston Villa,1,2,3.0,-3.4,81,4.9,36.2,73,0,0,1,0,0,1,3,-1,loss,1,1,0,1,0,1,0,-6.4,1,11,2021,2021,autumn,0,0,0,1,123,0.3236842105263158,1.8,2.0,1.2,0.8,0.6,1.2,2.2,-1.0,1.86,0.78,1.0799999999999998,0.4272631578947368,1
2021-11-27,Liverpool,Southampton,4,0,3.4,-4.9,61,2.0,57.4,53,0,1,1,0,0,1,4,4,win,1,1,0,1,0,1,0,-8.3,1,11,2021,2021,autumn,0,0,0,1,124,0.3263157894736842,2.0,3.6,1.0,2.6,2.0,1.2,0.8,0.4,2.48,1.7599999999999998,0.7200000000000002,0.6917894736842106,1
2021-11-27,Norwich City,Wolverhampton Wanderers,0,0,3.9,-1.1,85,6.7,35.7,73,0,0,1,0,0,1,0,0,draw,1,1,0,1,1,1,0,-5.0,1,11,2021,2021,autumn,0,0,0,1,125,0.3289473684210526,1.4,1.0,2.2,-1.2,2.0,1.4,1.2,0.2,1.2799999999999998,1.82,-0.54,0.5098684210526315,1
2021-11-28,Brentford,Everton,1,0,1.3,-3.7,71,0.2,28.6,71,0,0,1,0,0,1,1,1,win,1,1,0,0,0,1,0,-5.0,1,11,2021,2021,autumn,0,0,0,1,126,0.331578947368421,0.2,1.2,2.2,-1.0,0.2,0.6,2.2,-1.6,0.5,0.3199999999999999,0.18,0.1359473684210526,1
2021-11-28,Chelsea,Manchester United,1,1,1.2,-3.8,71,0.0,27.9,3,0,0,1,0,0,1,2,0,draw,0,1,0,0,0,1,0,-5.0,1,11,2021,2021,autumn,0,0,0,1,127,0.3342105263157894,2.6,3.0,0.2,2.8,0.6,1.2,3.0,-1.8,2.72,0.78,1.94,0.5848684210526316,1
2021-11-28,Leicester City,Watford,4,2,-0.3,-5.2,77,1.4,24.8,73,0,0,1,0,0,1,6,2,win,1,1,0,0,0,1,0,-4.9,1,11,2021,2021,autumn,0,0,0,1,128,0.3368421052631579,1.4,1.4,1.8,-0.4,1.2,1.8,2.0,-0.2,1.4,1.38,0.02,0.4682105263157894,1
2021-11-28,Manchester City,West Ham United,2,1,-1.0,-4.6,80,2.4,13.5,75,0,0,1,0,1,1,3,1,win,1,1,0,0,0,1,0,-3.6,1,11,2021,2021,autumn,0,0,0,1,129,0.3394736842105263,2.4,2.2,0.6,1.6,2.4,1.8,0.8,1.0,2.34,2.22,0.1200000000000001,0.7739999999999999,1
2021-12-02,Manchester United,Arsenal,3,2,1.4,-2.6,75,1.1,17.4,73,0,0,1,0,0,1,5,1,win,1,1,0,0,0,1,0,-4.0,1,12,2021,2021,winter,1,0,0,0,138,0.3631578947368421,0.8,1.0,2.4,-1.4,2.4,1.6,1.0,0.6,0.8599999999999999,2.16,-1.3000000000000005,0.5483684210526316,1
2021-12-02,Tottenham Hotspur,Brentford,2,0,1.7,-3.4,74,0.4,25.8,71,0,0,1,0,0,1,2,2,win,1,1,0,0,0,1,0,-5.1,1,12,2021,2021,winter,1,0,0,0,139,0.3657894736842105,1.4,1.0,1.4,-0.4,0.8,1.4,2.0,-0.6,1.2799999999999998,0.98,0.2999999999999998,0.4133421052631579,1
2021-12-04,Newcastle United,Burnley,1,0,3.9,-0.2,90,11.0,27.5,73,1,0,1,0,0,1,1,1,win,1,1,0,0,1,1,0,-4.1,1,12,2021,2021,winter,1,0,0,0,140,0.3684210526315789,0.6,1.0,2.0,-1.0,1.4,1.8,1.4,0.4,0.72,1.52,-0.8,0.4126315789473684,1
2021-12-04,Wolverhampton Wanderers,Liverpool,0,1,4.8,-0.5,81,0.7,33.3,51,0,0,1,0,0,1,1,-1,loss,1,1,0,1,0,1,0,-5.3,1,12,2021,2021,winter,1,0,0,0,144,0.3789473684210526,1.6,0.6,0.6,0.0,2.0,3.2,1.2,2.0,1.2999999999999998,2.36,-1.06,0.6934736842105262,1
2021-12-05,Aston Villa,Leicester City,2,1,4.0,-1.2,84,0.9,32.6,51,0,0,1,0,0,1,3,1,win,1,1,0,1,0,1,0,-5.2,1,12,2021,2021,winter,1,0,0,0,145,0.3815789473684211,1.2,1.2,1.6,-0.4,1.0,1.4,2.0,-0.6,1.2,1.12,0.08,0.4426315789473684,1
2021-12-05,Tottenham Hotspur,Norwich City,3,0,5.0,0.0,88,4.4,29.1,71,0,0,1,0,0,1,3,3,win,1,1,0,0,1,1,0,-5.0,1,12,2021,2021,winter,1,0,0,0,148,0.3894736842105263,1.4,0.8,1.0,-0.2,1.6,1.2,1.0,0.2,1.2199999999999998,1.48,-0.2600000000000002,0.5257894736842105,1
2021-12-06,Everton,Arsenal,2,1,4.6,-0.3,84,16.5,32.4,75,1,0,1,0,1,1,3,1,win,1,1,0,1,0,1,0,-4.9,1,12,2021,2021,winter,1,0,0,0,149,0.3921052631578947,0.2,0.4,2.0,-1.6,1.8,1.4,1.4,0.0,0.26,1.68,-1.42,0.3803421052631578,1
2021-12-26,Manchester City,Leicester City,6,3,4.6,0.9,89,11.4,24.9,71,1,0,0,0,0,1,9,3,win,1,1,0,0,1,1,0,-3.7,1,12,2021,2021,winter,1,0,0,0,172,0.4526315789473684,3.0,3.4,0.4,3.0,1.4,2.2,1.8,0.4,3.12,1.64,1.4799999999999998,1.077263157894737,1
2021-12-30,Manchester United,Burnley,3,1,13.1,10.4,89,11.6,28.0,61,1,0,0,0,0,1,4,2,win,1,0,0,0,1,0,0,-2.6999999999999997,1,12,2021,2021,winter,1,0,0,0,183,0.481578947368421,2.2,1.4,0.8,0.6,0.8,0.8,1.0,-0.2,1.96,0.7999999999999999,1.16,0.664578947368421,0
2022-01-15,Aston Villa,Manchester United,2,2,1.1,-2.3,93,0.0,16.1,3,0,0,1,0,0,1,4,0,draw,0,1,0,0,1,1,0,-3.4,1,1,2022,2021,winter,1,0,0,0,195,0.5131578947368421,1.2,1.2,1.4,-0.2,2.0,1.2,0.6,0.6,1.2,1.7599999999999998,-0.5599999999999998,0.7594736842105264,1
2022-01-15,Manchester City,Chelsea,1,0,2.0,-0.7,88,0.2,9.9,51,0,0,1,0,0,1,1,1,win,1,1,0,0,1,1,0,-2.7,1,1,2022,2021,winter,1,0,0,0,196,0.5157894736842106,3.0,4.0,0.8,3.2,1.4,1.4,1.0,0.4,3.3,1.4,1.9,1.2121052631578946,1
2022-01-15,Newcastle United,Watford,1,1,1.5,-1.3,96,0.0,11.3,3,0,0,1,0,0,1,2,0,draw,0,1,0,0,1,1,0,-2.8,1,1,2022,2021,winter,1,0,0,0,197,0.5184210526315789,0.8,0.6,2.4,-1.8,0.0,0.8,2.4,-1.6,0.74,0.24,0.5,0.2540263157894736,1
2022-01-15,Wolverhampton Wanderers,Southampton,3,1,0.7,-2.6,95,0.3,13.9,51,0,0,1,0,0,1,4,2,win,1,1,0,0,1,1,0,-3.3,1,1,2022,2021,winter,1,0,0,0,199,0.5236842105263158,1.4,0.4,0.4,0.0,1.6,2.0,1.8,0.2,1.1,1.7199999999999998,-0.6199999999999999,0.7383947368421051,1
2022-01-21,Watford,Norwich City,0,3,0.9,-3.0,86,0.0,14.1,3,0,0,1,0,0,1,3,-3,loss,0,1,0,0,1,1,0,-3.9,1,1,2022,2021,winter,1,0,0,0,205,0.5394736842105263,0.2,0.8,2.2,-1.4,0.6,0.4,2.6,-2.2,0.38,0.54,-0.16,0.2481578947368421,1
2022-01-22,Brentford,Wolverhampton Wanderers,1,2,2.4,-0.7,91,0.0,12.1,3,0,0,1,0,0,1,3,-1,loss,0,1,0,0,1,1,0,-3.1,1,1,2022,2021,winter,1,0,0,0,206,0.5421052631578948,0.6,0.8,2.4,-1.6,2.0,1.0,0.4,0.6,0.6599999999999999,1.7,-1.04,0.6396842105263157,1
2022-01-22,Southampton,Manchester City,1,1,2.1,-0.9,91,0.0,11.0,3,0,0,1,0,0,1,2,0,draw,0,1,0,0,1,1,0,-3.0,1,1,2022,2021,winter,1,0,0,0,210,0.5526315789473685,1.6,2.2,1.8,0.4,3.0,2.8,0.8,2.0,1.7799999999999998,2.9399999999999995,-1.1599999999999997,1.3042105263157893,1
2022-02-05,Burnley,Watford,0,0,5.6,-0.5,89,15.1,43.6,63,1,0,1,0,0,1,0,0,draw,1,1,0,1,1,1,0,-6.1,1,2,2022,2021,winter,1,0,0,0,215,0.5657894736842105,0.4,0.4,1.4,-1.0,0.2,0.6,2.2,-1.6,0.3999999999999999,0.3199999999999999,0.08,0.2036842105263157,0
2022-02-08,Burnley,Manchester United,1,1,9.5,5.0,94,15.6,36.3,63,1,0,0,0,0,1,2,0,draw,1,1,0,1,1,1,0,-4.5,1,2,2022,2021,winter,1,0,0,0,216,0.5684210526315789,0.6,0.4,1.2,-0.8,2.0,1.8,1.0,0.8,0.54,1.94,-1.4,0.7048421052631578,0
2022-02-10,Liverpool,Leicester City,2,0,5.5,-0.6,71,2.5,35.7,71,0,0,1,0,0,1,2,2,win,1,1,0,1,0,1,0,-6.1,1,2,2022,2021,winter,1,0,0,0,223,0.5868421052631579,1.6,2.0,1.2,0.8,1.4,2.2,2.0,0.2,1.7199999999999998,1.64,0.0799999999999998,0.9858947368421052,0
2022-02-10,Wolverhampton Wanderers,Arsenal,0,1,4.2,-0.5,75,0.2,24.5,51,0,0,1,0,0,1,1,-1,loss,1,1,0,0,0,1,0,-4.7,1,2,2022,2021,winter,1,0,0,0,224,0.5894736842105263,2.6,1.4,0.4,1.0,2.0,2.4,0.6,1.8,2.24,2.12,0.1199999999999996,1.285052631578947,1
2022-02-12,Manchester United,Southampton,1,1,6.1,0.6,81,11.5,34.6,73,1,0,0,0,0,1,2,0,draw,1,1,0,1,0,1,0,-5.5,1,2,2022,2021,winter,1,0,0,0,227,0.5973684210526315,1.6,1.4,1.0,0.4,1.6,2.0,1.6,0.4,1.5399999999999998,1.7199999999999998,-0.1799999999999999,0.9737105263157894,0
2022-02-12,Norwich City,Manchester City,0,4,4.7,-1.1,75,0.2,36.2,51,0,0,1,0,0,1,4,-4,loss,1,1,0,1,0,1,0,-5.800000000000001,1,2,2022,2021,winter,1,0,0,0,228,0.6,1.4,1.2,1.4,-0.2,2.6,1.4,0.4,1.0,1.34,2.24,-0.8999999999999999,1.0739999999999998,1
2022-02-12,Watford,Brighton,0,2,4.7,-0.3,79,0.0,30.8,3,0,0,1,0,0,1,2,-2,loss,0,1,0,1,0,1,0,-5.0,1,2,2022,2021,winter,1,0,0,0,229,0.6026315789473684,0.4,0.2,1.2,-1.0,1.4,1.4,1.2,0.2,0.3399999999999999,1.4,-1.06,0.5242894736842104,1
2022-02-13,Burnley,Liverpool,0,1,7.5,3.1,96,10.1,35.3,61,1,0,0,0,0,1,1,-1,loss,1,1,0,1,1,1,0,-4.4,1,2,2022,2021,winter,1,0,0,0,230,0.6052631578947368,0.6,0.6,1.4,-0.8,2.0,2.0,0.8,1.2,0.6,2.0,-1.4,0.7868421052631579,0
2022-02-13,Leicester City,West Ham United,2,2,8.0,3.0,91,11.4,35.1,61,1,0,0,0,0,1,4,0,draw,1,1,0,1,1,1,0,-5.0,1,2,2022,2021,winter,1,0,0,0,231,0.6078947368421053,0.8,1.4,2.4,-1.0,1.8,1.6,1.2,0.4,0.98,1.74,-0.76,0.8267368421052631,0
2022-02-13,Tottenham Hotspur,Wolverhampton Wanderers,0,2,7.8,2.8,87,10.5,34.3,61,1,0,0,0,0,1,2,-2,loss,1,1,0,1,1,1,0,-5.0,1,2,2022,2021,winter,1,0,0,0,233,0.6131578947368421,1.4,1.4,1.6,-0.2,2.0,1.2,0.6,0.6,1.4,1.7599999999999998,-0.3599999999999999,0.9687894736842104,0
2022-02-19,Arsenal,Brentford,2,1,5.3,-0.4,71,2.4,40.1,61,0,0,1,0,0,1,3,1,win,1,1,0,1,0,1,0,-5.7,1,2,2022,2021,winter,1,0,0,0,235,0.618421052631579,2.0,2.2,0.6,1.6,0.2,0.4,2.0,-1.6,2.06,0.26,1.8,0.7173684210526317,0
2022-02-19,Aston Villa,Watford,0,1,3.3,-1.9,81,3.5,35.5,73,0,0,1,0,0,1,1,-1,loss,1,1,0,1,0,1,0,-5.199999999999999,1,2,2022,2021,winter,1,0,0,0,236,0.6210526315789474,1.0,1.4,1.6,-0.2,0.4,0.2,1.4,-1.2,1.12,0.3399999999999999,0.7799999999999999,0.4533684210526316,1
2022-02-19,Brighton,Burnley,0,3,6.5,0.1,73,4.9,51.7,61,0,1,0,0,0,1,3,-3,loss,1,1,0,1,0,1,0,-6.4,1,2,2022,2021,winter,1,0,0,0,237,0.6236842105263158,1.2,1.0,1.0,0.0,0.6,0.4,1.0,-0.6,1.14,0.54,0.5999999999999999,0.5238947368421053,0
2022-02-19,Crystal Palace,Chelsea,0,1,5.5,-0.3,72,7.6,41.5,63,0,0,1,0,0,1,1,-1,loss,1,1,0,1,0,1,0,-5.8,1,2,2022,2021,winter,1,0,0,0,238,0.6263157894736842,0.6,1.0,1.6,-0.6,1.2,1.2,1.0,0.2,0.72,1.2,-0.48,0.6012631578947367,0
2022-02-19,Liverpool,Norwich City,3,1,3.9,-1.2,82,6.7,38.4,73,0,0,1,0,0,1,4,2,win,1,1,0,1,0,1,0,-5.1,1,2,2022,2021,winter,1,0,0,0,239,0.6289473684210526,2.6,2.2,0.6,1.6,1.4,1.2,1.6,-0.4,2.48,1.34,1.14,1.2012894736842104,1
2022-02-19,Manchester City,Tottenham Hotspur,2,3,2.9,-1.5,87,7.3,31.3,73,0,0,1,0,0,1,5,-1,loss,1,1,0,1,1,1,0,-4.4,1,2,2022,2021,winter,1,0,0,0,240,0.631578947368421,2.6,2.0,0.4,1.6,1.2,1.2,1.8,-0.6,2.42,1.2,1.22,1.1431578947368422,1
2022-02-19,West Ham United,Newcastle United,1,1,5.5,-0.2,71,4.3,38.6,61,0,0,1,0,0,1,2,0,draw,1,1,0,1,0,1,0,-5.7,1,2,2022,2021,winter,1,0,0,0,242,0.6368421052631579,1.4,1.4,1.2,0.2,2.2,1.4,0.6,0.8,1.4,1.96,-0.56,1.0698947368421052,0
2022-02-20,Leeds United,Manchester United,2,4,7.9,1.8,84,32.6,41.3,63,1,0,0,0,0,1,6,-2,loss,1,1,0,1,0,1,0,-6.1000000000000005,1,2,2022,2021,winter,1,0,0,0,243,0.6394736842105263,1.4,1.8,2.0,-0.2,2.2,1.6,0.6,1.0,1.52,2.02,-0.5,1.1318684210526315,0
2022-02-20,Wolverhampton Wanderers,Leicester City,2,1,8.3,2.8,85,13.9,40.5,63,1,0,0,0,0,1,3,1,win,1,1,0,1,1,1,0,-5.500000000000001,1,2,2022,2021,winter,1,0,0,0,244,0.6421052631578947,2.4,1.6,0.6,1.0,1.0,1.2,1.6,-0.4,2.16,1.06,1.1,1.0337894736842106,0
2022-03-01,Burnley,Leicester City,0,2,3.8,0.0,86,0.0,20.6,3,0,0,1,0,0,1,2,-2,loss,0,1,0,0,1,1,0,-3.8,1,3,2022,2021,spring,0,1,0,0,257,0.6763157894736842,1.6,1.2,0.6,0.6,0.4,1.2,2.0,-0.8,1.48,0.6399999999999999,0.8400000000000001,0.7168947368421053,1
2022-03-05,Aston Villa,Southampton,4,0,4.2,-0.8,77,0.2,27.8,51,0,0,1,0,0,1,4,4,win,1,1,0,0,0,1,0,-5.0,1,3,2022,2021,spring,0,1,0,0,258,0.6789473684210526,1.4,1.2,1.0,0.2,2.2,1.8,0.8,1.0,1.34,2.08,-0.7400000000000002,1.161,1
2022-03-05,Burnley,Chelsea,0,4,3.2,-1.0,80,0.0,25.8,2,0,0,1,0,0,1,4,-4,loss,0,1,0,0,0,1,0,-4.2,1,3,2022,2021,spring,0,1,0,0,259,0.6815789473684211,1.4,1.0,0.8,0.2,1.6,1.2,0.8,0.4,1.2799999999999998,1.48,-0.2000000000000001,0.940578947368421,1
2022-03-05,Leicester City,Leeds United,1,0,4.6,-0.6,81,1.0,32.8,51,0,0,1,0,0,1,1,1,win,1,1,0,1,0,1,0,-5.199999999999999,1,3,2022,2021,spring,0,1,0,0,260,0.6842105263157895,1.0,1.2,1.4,-0.2,0.2,1.0,4.0,-3.0,1.06,0.4399999999999999,0.6200000000000001,0.5131578947368421,1
2022-03-05,Newcastle United,Brighton,2,1,4.0,-0.3,81,1.0,28.4,51,0,0,1,0,0,1,3,1,win,1,1,0,0,0,1,0,-4.3,1,3,2022,2021,spring,0,1,0,0,262,0.6894736842105263,2.6,1.6,0.4,1.2,0.8,0.6,1.6,-1.0,2.3,0.74,1.5599999999999998,1.048,1
2022-03-05,Wolverhampton Wanderers,Crystal Palace,0,2,3.9,-0.6,77,0.3,24.4,51,0,0,1,0,0,1,2,-2,loss,1,1,0,0,0,1,0,-4.5,1,3,2022,2021,spring,0,1,0,0,264,0.6947368421052632,1.2,1.0,1.0,0.0,1.2,1.2,0.8,0.4,1.14,1.2,-0.06,0.8128421052631579,1
2022-03-06,Watford,Arsenal,2,3,3.9,-1.0,74,0.0,26.7,3,0,0,1,0,0,1,5,-1,loss,0,1,0,0,0,1,0,-4.9,1,3,2022,2021,spring,0,1,0,0,266,0.7,0.8,0.4,1.4,-1.0,2.0,1.2,0.8,0.4,0.6799999999999999,1.7599999999999998,-1.0799999999999998,0.8539999999999998,1
2022-03-07,Tottenham Hotspur,Everton,5,0,4.2,-0.7,71,0.0,23.1,3,0,0,1,0,0,1,5,5,win,0,1,0,0,0,1,0,-4.9,1,3,2022,2021,spring,0,1,0,0,267,0.7026315789473684,1.2,1.8,1.6,0.2,0.6,0.8,1.4,-0.6,1.38,0.6599999999999999,0.72,0.7166842105263158,1
2022-03-16,Arsenal,Liverpool,0,2,9.3,6.8,90,11.9,22.3,63,1,0,0,0,0,1,2,-2,loss,1,1,0,0,1,1,0,-2.500000000000001,1,3,2022,2021,spring,0,1,0,0,282,0.7421052631578947,3.0,2.0,0.8,1.2,3.0,2.6,0.2,2.4,2.7,2.88,-0.1800000000000001,2.0704736842105262,0
2022-04-02,Brighton,Norwich City,0,0,3.5,-1.0,66,0.8,18.4,51,0,0,1,0,0,1,0,0,draw,1,1,0,0,0,1,0,-4.5,1,4,2022,2021,spring,0,1,0,0,289,0.7605263157894737,0.0,0.2,2.2,-2.0,0.0,0.8,2.6,-1.8,0.06,0.24,-0.18,0.114078947368421,1
2022-04-02,Burnley,Manchester City,0,2,2.8,-0.6,76,0.6,12.0,51,0,0,1,0,0,1,2,-2,loss,1,1,0,0,0,1,0,-3.4,1,4,2022,2021,spring,0,1,0,0,290,0.7631578947368421,0.8,0.4,1.8,-1.4,2.0,2.2,0.8,1.4,0.6799999999999999,2.06,-1.38,1.045526315789474,1
2022-04-02,Chelsea,Brentford,1,4,3.2,-0.6,76,0.8,15.0,71,0,0,1,0,0,1,5,-3,loss,1,1,0,0,0,1,0,-3.8,1,4,2022,2021,spring,0,1,0,0,291,0.7657894736842106,3.0,2.2,0.2,2.0,1.2,1.4,1.4,0.0,2.76,1.26,1.4999999999999998,1.5392368421052631,1
2022-04-02,Leeds United,Southampton,1,1,3.0,-0.4,77,1.4,13.8,53,0,0,1,0,0,1,2,0,draw,1,1,0,0,0,1,0,-3.4,1,4,2022,2021,spring,0,1,0,0,292,0.7684210526315789,1.2,1.0,2.2,-1.2,1.2,1.2,1.6,-0.4,1.14,1.2,-0.06,0.8990526315789472,1
2022-04-02,Wolverhampton Wanderers,Aston Villa,2,1,2.4,-0.9,78,0.4,10.9,51,0,0,1,0,0,1,3,1,win,1,1,0,0,0,1,0,-3.3,1,4,2022,2021,spring,0,1,0,0,295,0.7763157894736842,1.2,1.4,1.2,0.2,1.8,2.0,0.6,1.4,1.26,1.86,-0.5999999999999999,1.2110526315789474,1
2022-04-06,Burnley,Everton,3,2,7.6,2.3,87,15.5,34.7,71,1,0,0,0,0,1,5,1,win,1,1,0,1,1,1,0,-5.3,1,4,2022,2021,spring,0,1,0,0,299,0.7868421052631579,0.2,0.2,2.2,-2.0,0.6,0.4,1.8,-1.4,0.1999999999999999,0.54,-0.3400000000000001,0.2911315789473684,0
2022-04-08,Newcastle United,Wolverhampton Wanderers,1,0,4.1,-0.2,69,0.7,20.7,71,0,0,1,0,0,1,1,1,win,1,1,0,0,0,1,0,-4.3,1,4,2022,2021,spring,0,1,0,0,300,0.7894736842105263,1.2,1.0,1.8,-0.8,1.8,1.8,1.2,0.6,1.14,1.8,-0.6600000000000001,1.1605263157894736,1
2022-05-11,Leicester City,Norwich City,3,0,11.5,8.2,81,12.4,25.2,63,1,0,0,0,0,1,3,3,win,1,0,0,0,0,1,0,-3.3000000000000007,1,5,2022,2021,spring,0,1,0,0,355,0.9342105263157896,0.4,0.8,1.6,-0.8,0.6,0.8,2.4,-1.6,0.52,0.6599999999999999,-0.1399999999999999,0.5511842105263157,0
2022-05-11,Wolverhampton Wanderers,Manchester City,1,5,11.7,8.7,78,15.2,23.8,63,1,0,0,0,0,1,6,-4,loss,1,0,0,0,0,1,0,-3.0,1,5,2022,2021,spring,0,1,0,0,357,0.9394736842105263,0.8,0.8,1.6,-0.8,2.6,3.8,0.6,3.2,0.7999999999999999,2.96,-2.16,1.7662105263157897,0
2022-05-15,Tottenham Hotspur,Burnley,1,0,15.0,13.6,81,13.1,20.5,63,1,0,0,0,0,1,1,1,win,1,0,0,0,0,0,0,-1.4000000000000004,1,5,2022,2021,spring,0,1,0,0,362,0.9526315789473684,1.6,1.4,0.6,0.8,2.0,1.4,1.0,0.4,1.5399999999999998,1.82,-0.28,1.6004210526315783,0
2022-05-15,Watford,Leicester City,1,5,14.5,13.2,82,17.5,20.8,63,1,0,0,0,0,1,6,-4,loss,1,0,0,0,0,0,0,-1.3000000000000007,1,5,2022,2021,spring,0,1,0,0,363,0.9552631578947368,0.2,0.6,2.0,-1.4,1.0,1.2,1.2,0.0,0.3199999999999999,1.06,-0.7400000000000001,0.6591315789473684,0
2022-05-15,West Ham United,Manchester City,2,2,15.0,13.8,81,21.3,21.1,63,1,0,0,0,0,1,4,0,draw,1,0,0,0,0,0,0,-1.1999999999999993,1,5,2022,2021,spring,0,1,0,0,364,0.9578947368421052,0.8,1.2,1.2,0.0,3.0,4.4,0.4,4.0,0.92,3.42,-2.5,2.0786315789473684,0
2022-05-19,Chelsea,Leicester City,1,1,16.6,15.5,71,11.2,18.0,65,1,0,0,0,0,1,2,0,draw,1,0,0,0,0,0,0,-1.1000000000000014,1,5,2022,2021,spring,0,1,0,0,369,0.9710526315789474,1.6,1.4,0.8,0.6,1.4,2.0,1.2,0.8,1.5399999999999998,1.5799999999999998,-0.04,1.5148421052631578,0
2022-08-22,Manchester United,Liverpool,2,1,17.7,18.0,81,15.6,16.6,63,1,0,0,0,0,1,3,1,win,1,0,0,0,0,0,0,0.3000000000000007,1,8,2022,2022,summer,0,0,1,0,30,0.0789473684210526,0.6,0.8,2.2,-1.4,2.2,2.0,1.2,0.8,0.6599999999999999,2.14,-1.4800000000000002,0.1105263157894736,0
2022-10-16,Southampton,West Ham United,1,1,14.0,11.7,78,11.6,22.9,63,1,0,0,0,0,1,2,0,draw,1,0,0,0,0,0,0,-2.3000000000000007,1,10,2022,2022,autumn,0,0,0,1,97,0.2552631578947368,0.6,0.6,1.8,-1.2,1.4,1.4,1.0,0.4,0.6,1.4,-0.7999999999999999,0.2552631578947368,0
2022-10-19,Manchester United,Tottenham Hotspur,2,0,11.7,7.5,78,11.4,35.4,65,1,0,0,0,0,1,2,2,win,1,0,0,1,0,1,0,-4.199999999999999,1,10,2022,2022,autumn,0,0,0,1,103,0.2710526315789474,2.0,1.8,1.6,0.2,2.4,2.4,1.2,1.2,1.94,2.4,-0.4599999999999999,0.5881842105263158,0
2022-10-20,Leicester City,Leeds United,2,0,12.5,11.5,95,10.1,16.9,63,1,0,0,0,0,1,2,2,win,1,0,0,0,1,0,0,-1.0,1,10,2022,2022,autumn,0,0,0,1,106,0.2789473684210526,0.8,1.8,2.6,-0.8,0.4,0.8,1.8,-1.0,1.1,0.52,0.5800000000000001,0.2259473684210526,0
2022-10-23,Aston Villa,Brentford,4,0,13.5,12.1,93,13.4,22.0,63,1,0,0,0,0,1,4,4,win,1,0,0,0,1,0,0,-1.4000000000000004,1,10,2022,2022,autumn,0,0,0,1,111,0.2921052631578947,1.0,0.4,1.2,-0.8,1.0,0.6,1.6,-1.0,0.82,0.8799999999999999,-0.0599999999999999,0.2482894736842105,0
2022-10-23,Southampton,Arsenal,1,1,15.3,13.9,88,16.9,23.6,65,1,0,0,0,0,1,2,0,draw,1,0,0,0,1,0,0,-1.4000000000000004,1,10,2022,2022,autumn,0,0,0,1,113,0.2973684210526315,0.8,0.6,1.6,-1.0,2.4,2.2,1.2,1.0,0.74,2.34,-1.6,0.4579473684210526,0
2022-10-23,Tottenham Hotspur,Newcastle United,1,2,15.0,13.5,88,10.4,24.9,61,1,0,0,0,0,1,3,-1,loss,1,0,0,0,1,0,0,-1.5,1,10,2022,2022,autumn,0,0,0,1,114,0.3,1.8,2.0,1.4,0.6,2.2,2.2,0.6,1.6,1.86,2.2,-0.3400000000000003,0.6090000000000001,0
2022-11-06,Chelsea,Arsenal,0,1,12.6,10.1,89,20.0,24.1,63,1,0,0,0,0,1,1,-1,loss,1,0,0,0,1,0,0,-2.5,1,11,2022,2022,autumn,0,0,0,1,133,0.35,1.6,1.4,1.0,0.4,2.6,2.6,0.8,1.8,1.5399999999999998,2.6,-1.0599999999999998,0.7244999999999999,0
2022-11-06,Southampton,Newcastle United,1,4,12.6,10.1,88,17.2,27.4,63,1,0,0,0,0,1,5,-3,loss,1,0,0,0,1,0,0,-2.5,1,11,2022,2022,autumn,0,0,0,1,134,0.3526315789473684,1.0,0.6,1.4,-0.8,2.6,2.4,0.4,2.0,0.8799999999999999,2.54,-1.66,0.603,0
2022-11-06,Tottenham Hotspur,Liverpool,1,2,12.4,9.9,90,25.0,25.7,63,1,0,0,0,0,1,3,-1,loss,1,0,0,0,1,1,0,-2.5,1,11,2022,2022,autumn,0,0,0,1,135,0.3552631578947368,1.8,1.4,1.2,0.2,1.2,1.0,1.2,-0.2,1.68,1.14,0.54,0.5009210526315789,0
2022-11-06,West Ham United,Crystal Palace,1,2,12.6,10.1,89,17.6,24.7,63,1,0,0,0,0,1,3,-1,loss,1,0,0,0,1,0,0,-2.5,1,11,2022,2022,autumn,0,0,0,1,136,0.3578947368421052,1.4,1.2,0.8,0.4,2.0,1.0,1.0,0.0,1.34,1.7,-0.3600000000000001,0.544,0
2022-12-26,Aston Villa,Liverpool,1,3,4.1,-0.6,83,0.2,31.4,51,0,0,1,0,0,1,4,-2,loss,1,1,0,1,0,1,0,-4.699999999999999,1,12,2022,2022,winter,1,0,0,0,148,0.3894736842105263,1.8,1.8,1.8,0.0,1.8,1.4,1.0,0.4,1.8,1.68,0.1200000000000001,0.6776842105263158,1
2022-12-26,Everton,Wolverhampton Wanderers,1,2,5.6,-0.2,75,6.6,39.8,73,0,0,1,0,0,1,3,-1,loss,1,1,0,1,0,1,0,-5.8,1,12,2022,2022,winter,1,0,0,0,151,0.3973684210526316,0.8,0.6,1.2,-0.6,0.2,0.8,2.4,-1.6,0.74,0.38,0.36,0.2225263157894737,0
2022-12-26,Leicester City,Newcastle United,0,3,4.3,-0.7,83,0.1,32.8,51,0,0,1,0,0,1,3,-3,loss,1,1,0,1,0,1,0,-5.0,1,12,2022,2022,winter,1,0,0,0,152,0.4,2.4,2.0,0.2,1.8,3.0,2.4,0.4,2.0,2.28,2.8199999999999994,-0.5399999999999996,1.02,1
2022-12-31,Bournemouth,Crystal Palace,0,2,12.1,6.8,90,13.1,44.9,61,1,0,0,0,0,1,2,-2,loss,1,0,0,1,1,1,0,-5.3,1,12,2022,2022,winter,1,0,0,0,159,0.4184210526315789,0.6,1.6,2.2,-0.6,1.2,0.6,1.6,-1.0,0.8999999999999999,1.02,-0.1200000000000001,0.4016842105263158,0
2022-12-31,Brighton,Arsenal,2,4,12.1,6.3,90,21.1,49.5,63,1,0,0,0,0,1,6,-2,loss,1,0,0,1,1,1,0,-5.8,1,12,2022,2022,winter,1,0,0,0,160,0.4210526315789473,1.8,2.4,1.8,0.6,2.6,2.4,0.4,2.0,1.98,2.54,-0.56,0.9515789473684207,0
2022-12-31,Fulham,Southampton,2,1,12.2,7.9,88,10.2,35.8,61,1,0,0,0,0,1,3,1,win,1,0,0,1,1,1,0,-4.299999999999999,1,12,2022,2022,winter,1,0,0,0,161,0.4236842105263158,1.4,1.6,1.2,0.4,0.2,0.8,2.4,-1.6,1.46,0.38,1.08,0.3897894736842104,0
2022-12-31,Manchester City,Everton,1,1,9.2,6.8,91,16.9,19.7,61,1,0,0,0,0,1,2,0,draw,1,1,0,0,1,1,0,-2.3999999999999995,1,12,2022,2022,winter,1,0,0,0,162,0.4263157894736842,2.4,2.0,1.0,1.0,0.8,0.8,1.4,-0.6,2.28,0.7999999999999999,1.48,0.6565263157894736,0
2022-12-31,Newcastle United,Leeds United,0,0,5.9,3.2,91,14.5,19.3,63,1,0,0,0,0,1,0,0,draw,1,1,0,0,1,1,0,-2.7,1,12,2022,2022,winter,1,0,0,0,163,0.4289473684210526,3.0,2.8,0.4,2.4,1.2,2.4,2.8,-0.4,2.9399999999999995,1.56,1.3799999999999994,0.9651315789473685,0
2023-01-14,Brentford,Bournemouth,2,0,8.9,4.0,82,11.3,38.5,61,1,0,0,0,0,1,2,2,win,1,1,0,1,0,1,0,-4.9,1,1,2023,2022,winter,1,0,0,0,179,0.4710526315789474,2.2,2.2,1.2,1.0,0.6,1.2,2.2,-1.0,2.2,0.78,1.4200000000000002,0.7018684210526317,0
2023-01-14,Brighton,Liverpool,3,0,9.3,3.6,85,18.4,50.7,63,1,1,0,0,0,1,3,3,win,1,1,0,1,1,1,0,-5.700000000000001,1,1,2023,2022,winter,1,0,0,0,180,0.4736842105263157,1.8,2.6,2.0,0.6,2.4,2.2,1.4,0.8,2.04,2.34,-0.2999999999999998,1.0373684210526315,0
2023-01-15,Chelsea,Crystal Palace,1,0,4.6,-0.6,76,0.0,29.6,3,0,0,1,0,0,1,1,1,win,0,1,0,0,0,1,0,-5.199999999999999,1,1,2023,2022,winter,1,0,0,0,185,0.4868421052631579,0.8,0.8,1.0,-0.2,1.2,0.8,1.8,-1.0,0.7999999999999999,1.08,-0.2800000000000001,0.4576315789473684,1
2023-01-15,Newcastle United,Fulham,1,0,3.2,-2.1,83,1.7,46.1,53,0,0,1,0,0,1,1,1,win,1,1,0,1,0,1,0,-5.300000000000001,1,1,2023,2022,winter,1,0,0,0,186,0.4894736842105263,2.2,1.6,0.2,1.4,2.4,1.8,0.8,1.0,2.02,2.22,-0.1999999999999997,1.037684210526316,1
2023-01-15,Tottenham Hotspur,Arsenal,0,2,4.6,-0.6,76,0.0,29.8,3,0,0,1,0,0,1,2,-2,loss,0,1,0,0,0,1,0,-5.199999999999999,1,1,2023,2022,winter,1,0,0,0,187,0.4921052631578947,1.4,2.2,1.8,0.4,2.6,2.0,0.6,1.4,1.64,2.42,-0.78,0.998973684210526,1
2023-01-18,Crystal Palace,Manchester United,1,1,-0.3,-4.6,87,0.0,15.4,3,0,0,1,0,0,1,2,0,draw,0,1,0,0,1,1,0,-4.3,1,1,2023,2022,winter,1,0,0,0,188,0.4947368421052631,0.6,0.4,1.8,-1.4,3.0,2.2,0.4,1.8,0.54,2.76,-2.22,0.8163157894736841,1
2023-01-19,Manchester City,Tottenham Hotspur,4,2,0.5,-3.3,86,0.5,17.7,51,0,0,1,0,0,1,6,2,win,1,1,0,0,1,1,0,-3.8,1,1,2023,2022,winter,1,0,0,0,189,0.4973684210526315,1.4,1.4,1.2,0.2,1.4,2.0,1.8,0.2,1.4,1.5799999999999998,-0.1799999999999999,0.741078947368421,1
2023-01-21,Bournemouth,Nottingham Forest,1,1,1.9,-1.7,87,0.0,13.3,2,0,0,1,0,0,1,2,0,draw,0,1,0,0,1,1,0,-3.6,1,1,2023,2022,winter,1,0,0,0,190,0.5,0.6,0.6,1.8,-1.2,2.0,1.0,0.8,0.2,0.6,1.7,-1.1,0.575,1
2023-01-21,Crystal Palace,Newcastle United,0,0,1.3,-1.8,91,0.0,11.0,3,0,0,1,0,0,1,0,0,draw,0,1,0,0,1,1,0,-3.1,1,1,2023,2022,winter,1,0,0,0,191,0.5026315789473684,0.8,0.6,1.8,-1.2,2.2,1.0,0.0,1.0,0.74,1.84,-1.1,0.6483947368421052,1
2023-01-21,Leicester City,Brighton,2,2,-0.7,-4.3,90,0.0,10.7,3,0,0,1,0,0,1,4,0,draw,0,1,0,0,1,1,0,-3.6,1,1,2023,2022,winter,1,0,0,0,192,0.5052631578947369,0.6,0.6,1.6,-1.0,1.8,2.6,1.6,1.0,0.6,2.04,-1.44,0.6669473684210527,1
2023-01-21,Liverpool,Chelsea,0,0,0.1,-4.5,91,0.0,23.2,3,0,0,1,0,0,1,0,0,draw,0,1,0,0,1,1,0,-4.6,1,1,2023,2022,winter,1,0,0,0,193,0.5078947368421053,1.8,1.8,1.8,0.0,1.4,1.0,0.8,0.2,1.8,1.2799999999999998,0.5200000000000002,0.7821578947368422,1
2023-01-21,Southampton,Aston Villa,0,1,0.4,-3.2,89,0.0,11.4,3,0,0,1,0,0,1,1,-1,loss,0,1,0,0,1,1,0,-3.6,1,1,2023,2022,winter,1,0,0,0,194,0.5105263157894737,0.6,1.0,2.0,-1.0,2.0,1.6,1.2,0.4,0.72,1.88,-1.16,0.6636842105263158,1
2023-01-21,West Ham United,Everton,2,0,1.3,-1.9,90,0.0,11.5,3,0,0,1,0,0,1,2,2,win,0,1,0,0,1,1,0,-3.2,1,1,2023,2022,winter,1,0,0,0,195,0.5131578947368421,0.2,0.6,2.0,-1.4,0.2,0.8,2.4,-1.6,0.3199999999999999,0.38,-0.06,0.1796052631578947,1
2023-01-22,Arsenal,Manchester United,3,2,-1.9,-4.9,96,0.0,6.3,3,0,0,1,0,0,1,5,1,win,0,1,0,0,1,1,0,-3.0000000000000004,1,1,2023,2022,winter,1,0,0,0,196,0.5157894736842106,2.6,2.2,0.6,1.6,2.6,2.0,0.4,1.6,2.48,2.42,0.06,1.263684210526316,1
2023-01-22,Leeds United,Brentford,0,0,0.6,-2.7,87,0.3,8.9,51,0,0,1,0,0,1,0,0,draw,1,1,0,0,1,1,0,-3.3000000000000003,1,1,2023,2022,winter,1,0,0,0,197,0.5184210526315789,0.4,1.4,2.2,-0.8,2.6,2.2,0.8,1.4,0.7,2.48,-1.78,0.8242894736842103,1
2023-01-22,Manchester City,Wolverhampton Wanderers,3,0,1.8,-1.6,84,0.0,11.4,3,0,0,1,0,0,1,3,3,win,0,1,0,0,0,1,0,-3.4000000000000004,1,1,2023,2022,winter,1,0,0,0,198,0.5210526315789473,2.0,2.0,1.2,0.8,1.4,0.8,1.0,-0.2,2.0,1.2199999999999998,0.7800000000000002,0.8388947368421051,1
2023-01-23,Fulham,Tottenham Hotspur,0,1,-1.0,-4.1,86,0.0,6.6,3,0,0,1,0,0,1,1,-1,loss,0,1,0,0,1,1,0,-3.1,1,1,2023,2022,winter,1,0,0,0,199,0.5236842105263158,2.4,1.6,0.6,1.0,0.8,1.6,2.0,-0.4,2.16,1.04,1.12,0.8378947368421052,1
2023-02-05,Nottingham Forest,Leeds United,1,0,3.4,-0.0,79,0.0,14.4,3,0,0,1,0,0,1,1,1,win,0,1,0,0,0,1,0,-3.4,1,2,2023,2022,winter,1,0,0,0,208,0.5473684210526316,1.6,1.0,1.0,0.0,0.6,0.8,1.4,-0.6,1.42,0.6599999999999999,0.76,0.5692631578947369,1
2023-02-08,Manchester United,Leeds United,2,2,2.4,-1.4,81,0.0,15.9,3,0,0,1,0,0,1,4,0,draw,0,1,0,0,0,1,0,-3.8,1,2,2023,2022,winter,1,0,0,0,210,0.5526315789473685,2.0,2.0,1.2,0.8,0.6,0.6,1.0,-0.4,2.0,0.6,1.4,0.7184210526315791,1
2023-02-25,Bournemouth,Manchester City,1,4,4.5,-0.5,74,0.0,26.4,3,0,0,1,0,0,1,5,-3,loss,0,1,0,0,0,1,0,-5.0,1,2,2023,2022,winter,1,0,0,0,233,0.6131578947368421,1.0,0.6,1.0,-0.4,2.0,2.0,0.8,1.2,0.8799999999999999,2.0,-1.12,0.8829473684210526,1
2023-02-25,Crystal Palace,Liverpool,0,0,4.0,-0.7,77,0.0,26.4,3,0,0,1,0,0,1,0,0,draw,0,1,0,0,0,1,0,-4.7,1,2,2023,2022,winter,1,0,0,0,234,0.6157894736842106,0.8,0.8,1.0,-0.2,1.4,0.8,1.2,-0.4,0.7999999999999999,1.2199999999999998,-0.4199999999999998,0.6219473684210526,1
2023-02-25,Everton,Aston Villa,0,2,3.4,-0.9,76,0.0,20.1,3,0,0,1,0,0,1,2,-2,loss,0,1,0,0,0,1,0,-4.3,1,2,2023,2022,winter,1,0,0,0,235,0.618421052631579,1.2,0.6,1.2,-0.6,1.2,1.6,2.4,-0.8,1.02,1.3199999999999998,-0.2999999999999998,0.7235526315789473,1
2023-02-25,Leeds United,Southampton,1,0,4.1,-0.8,75,0.1,25.8,51,0,0,1,0,0,1,1,1,win,1,1,0,0,0,1,0,-4.9,1,2,2023,2022,winter,1,0,0,0,236,0.6210526315789474,0.4,0.4,1.2,-0.8,1.2,0.8,1.4,-0.6,0.3999999999999999,1.08,-0.6800000000000002,0.4595789473684211,1
2023-02-25,Leicester City,Arsenal,0,1,3.4,-1.5,80,0.0,27.3,3,0,0,1,0,0,1,1,-1,loss,0,1,0,0,0,1,0,-4.9,1,2,2023,2022,winter,1,0,0,0,237,0.6236842105263158,1.4,2.0,2.0,0.0,1.4,1.8,1.8,0.0,1.5799999999999998,1.52,0.0599999999999998,0.9667105263157896,1
2023-02-25,West Ham United,Nottingham Forest,4,0,4.3,-0.4,76,0.0,25.3,3,0,0,1,0,0,1,4,4,win,0,1,0,0,0,1,0,-4.7,1,2,2023,2022,winter,1,0,0,0,238,0.6263157894736842,1.0,0.8,1.0,-0.2,1.6,1.0,0.8,0.2,0.94,1.42,-0.48,0.7390526315789473,1
2023-02-26,Tottenham Hotspur,Chelsea,2,0,4.0,-0.9,65,0.0,25.5,3,0,0,1,0,0,1,2,2,win,0,1,0,0,0,1,0,-4.9,1,2,2023,2022,winter,1,0,0,0,239,0.6289473684210526,1.8,1.4,1.6,-0.2,1.2,0.4,0.4,0.0,1.68,0.96,0.72,0.8302105263157893,1
2023-03-04,Aston Villa,Crystal Palace,1,0,3.2,-0.4,75,0.0,12.6,3,0,0,1,0,0,1,1,1,win,0,1,0,0,0,1,0,-3.6,1,3,2023,2022,spring,0,1,0,0,243,0.6394736842105263,1.2,1.6,2.2,-0.6,0.8,0.6,0.8,-0.2,1.3199999999999998,0.74,0.5799999999999998,0.658657894736842,1
2023-03-04,Wolverhampton Wanderers,Tottenham Hotspur,1,0,3.1,-0.4,77,0.0,13.0,3,0,0,1,0,0,1,1,1,win,0,1,0,0,0,1,0,-3.5,1,3,2023,2022,spring,0,1,0,0,248,0.6526315789473685,1.4,1.2,1.0,0.2,2.4,1.4,0.8,0.6,1.34,2.1,-0.7600000000000002,1.1225263157894738,1
2023-03-05,Nottingham Forest,Everton,2,2,2.4,-1.2,76,0.0,14.3,3,0,0,1,0,0,1,4,0,draw,0,1,0,0,0,1,0,-3.6,1,3,2023,2022,spring,0,1,0,0,250,0.6578947368421053,1.0,0.6,1.6,-1.0,1.2,0.4,1.6,-1.2,0.8799999999999999,0.96,-0.08,0.6052631578947368,1
2023-03-11,Crystal Palace,Manchester City,0,1,2.8,-1.2,75,0.6,16.3,53,0,0,1,0,0,1,1,-1,loss,1,1,0,0,0,1,0,-4.0,1,3,2023,2022,spring,0,1,0,0,253,0.6657894736842105,0.6,0.6,1.0,-0.4,2.6,2.6,0.8,1.8,0.6,2.6,-2.0,1.0652631578947367,1
2023-03-11,Everton,Brentford,1,0,1.4,-3.1,86,7.6,27.5,71,0,0,1,0,0,1,1,1,win,1,1,0,0,1,1,0,-4.5,1,3,2023,2022,spring,0,1,0,0,254,0.6684210526315789,0.8,0.6,2.0,-1.4,1.8,1.6,0.8,0.8,0.74,1.74,-1.0,0.8288421052631578,1
2023-03-11,Leeds United,Brighton,2,2,-0.8,-4.9,83,2.6,20.6,73,0,0,1,0,0,1,4,0,draw,1,1,0,0,0,1,0,-4.1000000000000005,1,3,2023,2022,spring,0,1,0,0,255,0.6710526315789473,0.8,0.6,1.2,-0.6,1.6,1.6,0.8,0.8,0.74,1.6,-0.8599999999999999,0.7851315789473683,1
2023-03-11,Leicester City,Chelsea,1,3,0.9,-3.3,79,1.8,21.3,51,0,0,1,0,0,1,4,-2,loss,1,1,0,0,0,1,0,-4.2,1,3,2023,2022,spring,0,1,0,0,256,0.6736842105263158,1.2,1.6,1.6,0.0,1.0,0.4,0.8,-0.4,1.3199999999999998,0.82,0.4999999999999999,0.7208421052631577,1
2023-03-11,Tottenham Hotspur,Nottingham Forest,3,1,2.5,-1.2,77,1.4,15.0,71,0,0,1,0,0,1,4,2,win,1,1,0,0,0,1,0,-3.7,1,3,2023,2022,spring,0,1,0,0,257,0.6763157894736842,1.8,1.2,1.0,0.2,1.0,0.8,1.8,-1.0,1.62,0.94,0.6800000000000002,0.8656842105263158,1
2023-03-12,Manchester United,Southampton,0,0,9.2,5.2,84,10.5,30.5,61,1,0,0,0,0,1,0,0,draw,1,1,0,1,0,1,0,-3.999999999999999,1,3,2023,2022,spring,0,1,0,0,259,0.6815789473684211,2.0,1.8,2.0,-0.2,1.2,0.6,1.2,-0.6,1.94,1.02,0.92,1.0087368421052632,0
2023-03-12,Newcastle United,Wolverhampton Wanderers,2,1,8.0,3.9,81,4.1,29.3,75,0,0,0,0,1,1,3,1,win,1,1,0,0,0,1,0,-4.1,1,3,2023,2022,spring,0,1,0,0,260,0.6842105263157895,0.6,0.4,1.2,-0.8,1.4,0.8,1.0,-0.2,0.54,1.2199999999999998,-0.6799999999999997,0.6021052631578947,0
2023-04-27,Southampton,Bournemouth,0,1,10.4,7.4,84,15.8,22.9,65,1,0,0,0,0,1,1,-1,loss,1,0,0,0,0,1,0,-3.0,1,4,2023,2022,spring,0,1,0,0,323,0.85,0.4,1.4,2.6,-1.2,1.8,1.2,1.8,-0.6,0.7,1.62,-0.9200000000000002,0.986,0
2023-04-27,Tottenham Hotspur,Manchester United,2,2,9.0,5.6,77,14.8,21.7,63,1,0,0,0,0,1,4,0,draw,1,1,0,0,0,1,0,-3.4000000000000004,1,4,2023,2022,spring,0,1,0,0,324,0.8526315789473684,1.0,1.8,2.8,-1.0,2.0,1.0,0.4,0.6,1.24,1.7,-0.4599999999999999,1.2533684210526317,0
2023-04-30,Liverpool,Tottenham Hotspur,4,3,11.8,10.1,90,14.6,21.4,63,1,0,0,0,0,1,7,1,win,1,0,0,0,1,0,0,-1.700000000000001,1,4,2023,2022,spring,0,1,0,0,330,0.868421052631579,2.2,2.6,1.2,1.4,1.0,1.6,2.6,-1.0,2.3200000000000003,1.18,1.1400000000000003,1.5197368421052633,0
2023-05-06,Bournemouth,Chelsea,1,3,12.3,10.3,94,17.5,26.3,63,1,0,0,0,0,1,4,-2,loss,1,0,0,0,1,0,0,-2.0,1,5,2023,2022,spring,0,1,0,0,338,0.8894736842105263,2.4,1.8,1.4,0.4,0.2,0.4,1.6,-1.2,2.22,0.26,1.96,1.1029473684210525,0
2023-05-08,Nottingham Forest,Southampton,4,3,13.1,11.0,86,12.2,23.8,63,1,0,0,0,0,1,7,1,win,1,0,0,0,1,0,0,-2.1,1,5,2023,2022,spring,0,1,0,0,347,0.913157894736842,0.6,1.2,2.0,-0.8,0.2,1.0,2.6,-1.6,0.78,0.4399999999999999,0.3400000000000001,0.5570263157894736,0
2023-08-14,Manchester United,Wolverhampton Wanderers,1,0,16.8,16.1,88,30.6,24.7,63,1,0,0,0,0,1,1,1,win,1,0,0,0,1,0,0,-0.6999999999999993,1,8,2023,2023,summer,0,0,1,0,10,0.0263157894736842,2.4,1.8,0.6,1.2,0.8,0.4,2.8,-2.4,2.22,0.6799999999999999,1.5399999999999998,0.0381578947368421,0
2023-08-26,Brighton,West Ham United,1,3,15.4,13.8,80,10.1,24.3,63,1,0,0,0,0,1,4,-2,loss,1,0,0,0,0,0,0,-1.5999999999999996,1,8,2023,2023,summer,0,0,1,0,24,0.0631578947368421,2.0,2.6,1.2,1.4,1.4,1.6,1.4,0.2,2.18,1.46,0.7199999999999998,0.1149473684210526,0
2023-08-27,Burnley,Aston Villa,1,3,12.5,10.8,90,11.9,24.9,63,1,0,0,0,0,1,4,-2,loss,1,0,0,0,1,0,0,-1.6999999999999993,1,8,2023,2023,summer,0,0,1,0,27,0.0710526315789473,0.2,0.6,2.0,-1.4,2.0,2.0,1.6,0.4,0.3199999999999999,2.0,-1.6800000000000002,0.0824210526315789,0
2023-08-27,Newcastle United,Liverpool,1,2,13.1,12.5,88,11.6,10.2,63,1,0,0,0,0,1,3,-1,loss,1,0,0,0,1,0,0,-0.5999999999999996,1,8,2023,2023,summer,0,0,1,0,28,0.0736842105263157,1.6,2.0,0.8,1.2,1.8,2.4,1.4,1.0,1.7199999999999998,1.98,-0.2600000000000002,0.1363157894736842,0
2023-09-17,Bournemouth,Chelsea,0,0,18.0,17.2,86,11.5,25.5,63,1,0,0,0,0,1,0,0,draw,1,0,0,0,1,0,0,-0.8000000000000007,1,9,2023,2023,autumn,0,0,0,1,47,0.1236842105263157,0.4,0.8,1.8,-1.0,1.0,1.2,1.2,0.0,0.52,1.06,-0.54,0.0977105263157894,0
2023-09-18,Nottingham Forest,Burnley,1,1,14.9,12.6,82,20.9,29.2,65,1,0,0,0,0,1,2,0,draw,1,0,0,0,0,0,0,-2.3000000000000007,1,9,2023,2023,autumn,0,0,0,1,49,0.1289473684210526,1.4,1.4,1.4,0.0,0.2,1.0,2.8,-1.8,1.4,0.4399999999999999,0.96,0.1186315789473684,0
2023-10-28,Chelsea,Brentford,0,2,11.8,9.3,86,10.6,26.1,63,1,0,0,0,0,1,2,-2,loss,1,0,0,0,1,1,0,-2.5,1,10,2023,2023,autumn,0,0,0,1,94,0.2473684210526315,1.6,1.6,0.8,0.8,0.8,1.2,1.4,-0.2,1.6,0.92,0.6799999999999999,0.3116842105263157,0
2023-10-28,Wolverhampton Wanderers,Newcastle United,2,2,9.8,7.2,90,14.6,19.2,65,1,0,0,0,0,1,4,0,draw,1,1,0,0,1,1,0,-2.6000000000000005,1,10,2023,2023,autumn,0,0,0,1,95,0.25,1.6,1.4,1.4,0.0,2.6,3.4,0.4,3.0,1.5399999999999998,2.84,-1.3,0.5475,0
2023-10-29,Brighton,Fulham,1,1,11.8,7.1,81,12.0,34.4,61,1,0,0,0,0,1,2,0,draw,1,0,0,1,0,1,0,-4.700000000000001,1,10,2023,2023,autumn,0,0,0,1,97,0.2552631578947368,1.4,2.0,2.4,-0.4,1.4,0.8,1.0,-0.2,1.5799999999999998,1.2199999999999998,0.3600000000000001,0.3573684210526315,0
2023-11-25,Brentford,Arsenal,0,1,1.6,-2.2,82,0.0,14.3,3,0,0,1,0,0,1,1,-1,loss,0,1,0,0,0,1,0,-3.8,1,11,2023,2023,autumn,0,0,0,1,121,0.3184210526315789,1.8,1.8,1.4,0.4,2.0,2.2,0.8,1.4,1.8,2.06,-0.26,0.6145526315789474,1
2023-11-25,Burnley,West Ham United,1,2,0.3,-2.8,82,0.0,7.1,3,0,0,1,0,0,1,3,-1,loss,0,1,0,0,0,1,0,-3.1,1,11,2023,2023,autumn,0,0,0,1,122,0.3210526315789473,0.0,0.6,2.8,-2.2,0.8,1.6,2.4,-0.8,0.18,1.04,-0.8600000000000001,0.1958421052631579,1
2023-11-25,Luton Town,Crystal Palace,2,1,0.7,-3.4,85,0.0,15.5,3,0,0,1,0,0,1,3,1,win,0,1,0,0,1,1,0,-4.1,1,11,2023,2023,autumn,0,0,0,1,123,0.3236842105263158,0.4,0.8,1.6,-0.8,0.8,1.0,1.8,-0.8,0.52,0.8599999999999999,-0.3399999999999998,0.2233421052631578,1
2023-11-25,Manchester City,Liverpool,1,1,0.3,-2.7,85,0.0,6.3,3,0,0,1,0,0,1,2,0,draw,0,1,0,0,1,1,0,-3.0,1,11,2023,2023,autumn,0,0,0,1,124,0.3263157894736842,2.0,3.0,1.4,1.6,2.2,2.2,0.6,1.6,2.3,2.2,0.0999999999999996,0.7342105263157895,1
2023-11-25,Newcastle United,Chelsea,4,1,2.0,-2.1,82,0.0,17.4,3,0,0,1,0,0,1,5,3,win,0,1,0,0,0,1,0,-4.1,1,11,2023,2023,autumn,0,0,0,1,125,0.3289473684210526,1.6,1.8,1.2,0.6,1.6,2.8,2.0,0.8,1.66,1.96,-0.3,0.5953947368421053,1
2023-11-25,Nottingham Forest,Brighton,2,3,1.5,-2.3,80,0.0,15.6,3,0,0,1,0,0,1,5,-1,loss,0,1,0,0,0,1,0,-3.8,1,11,2023,2023,autumn,0,0,0,1,126,0.331578947368421,1.0,1.2,1.6,-0.4,0.8,1.2,1.4,-0.2,1.06,0.92,0.1400000000000001,0.3282631578947368,1
2023-11-25,Sheffield United,Bournemouth,1,3,1.9,-2.2,77,0.0,15.5,3,0,0,1,0,0,1,4,-2,loss,0,1,0,0,0,1,0,-4.1,1,11,2023,2023,autumn,0,0,0,1,127,0.3342105263157894,0.8,1.0,2.4,-1.4,1.2,1.2,2.4,-1.2,0.8599999999999999,1.2,-0.3400000000000001,0.344236842105263,1
2023-11-26,Everton,Manchester United,0,3,3.6,-0.0,88,1.4,15.0,53,0,0,1,0,0,1,3,-3,loss,1,1,0,0,1,1,0,-3.6,1,11,2023,2023,autumn,0,0,0,1,128,0.3368421052631579,2.0,1.6,1.0,0.6,2.4,1.2,1.0,0.2,1.88,2.04,-0.1600000000000001,0.6602105263157895,1
2023-12-02,Arsenal,Wolverhampton Wanderers,2,1,-2.3,-6.0,95,0.0,10.9,3,0,0,1,0,0,1,3,1,win,0,1,0,0,1,1,0,-3.7,1,12,2023,2023,winter,1,0,0,0,131,0.3447368421052632,2.0,2.2,0.8,1.4,1.4,1.8,1.8,0.0,2.06,1.52,0.54,0.6170789473684211,1
2023-12-02,Brentford,Luton Town,3,1,-2.3,-5.8,94,0.0,12.9,3,0,0,1,0,0,1,4,2,win,0,1,0,0,1,1,0,-3.5,1,12,2023,2023,winter,1,0,0,0,132,0.3473684210526316,1.8,1.6,1.2,0.4,1.0,1.2,1.6,-0.4,1.74,1.06,0.6799999999999999,0.4863157894736842,1
2023-12-02,Burnley,Sheffield United,5,0,-1.5,-5.7,91,3.9,20.6,75,0,0,1,0,1,1,5,5,win,1,1,0,0,1,1,0,-4.2,1,12,2023,2023,winter,1,0,0,0,133,0.35,0.0,0.6,2.4,-1.8,0.8,1.0,2.4,-1.4,0.18,0.8599999999999999,-0.6799999999999999,0.1819999999999999,1
2023-12-02,Newcastle United,Manchester United,1,0,-2.7,-6.6,91,0.7,11.3,73,0,0,1,0,0,1,1,1,win,1,1,0,0,1,1,0,-3.9,1,12,2023,2023,winter,1,0,0,0,134,0.3526315789473684,2.0,2.2,1.0,1.2,2.4,1.4,0.8,0.6,2.06,2.1,-0.04,0.7334736842105263,1
2023-12-02,Nottingham Forest,Everton,0,1,-2.6,-6.5,94,0.0,13.2,3,0,0,1,0,0,1,1,-1,loss,0,1,0,0,1,1,0,-3.9,1,12,2023,2023,winter,1,0,0,0,135,0.3552631578947368,0.8,1.6,2.2,-0.6,1.4,1.0,1.6,-0.6,1.04,1.2799999999999998,-0.2399999999999997,0.4121052631578947,1
2023-12-03,Bournemouth,Aston Villa,2,2,7.9,3.6,87,19.8,38.5,71,1,0,0,0,0,1,4,0,draw,1,1,0,1,1,1,0,-4.300000000000001,1,12,2023,2023,winter,1,0,0,0,136,0.3578947368421052,1.8,1.8,2.0,-0.2,2.4,2.4,1.2,1.2,1.8,2.4,-0.5999999999999999,0.7515789473684211,0
2023-12-03,Liverpool,Fulham,4,3,0.9,-3.1,93,4.0,16.5,71,0,0,1,0,0,1,7,1,win,1,1,0,0,1,1,0,-4.0,1,12,2023,2023,winter,1,0,0,0,138,0.3631578947368421,2.2,2.0,0.4,1.6,0.8,1.0,1.8,-0.8,2.14,0.8599999999999999,1.2800000000000002,0.5447368421052632,1
2023-12-03,Manchester City,Tottenham Hotspur,3,3,1.7,-1.6,90,4.9,19.3,73,0,0,1,0,0,1,6,0,draw,1,1,0,0,1,1,0,-3.3,1,12,2023,2023,winter,1,0,0,0,139,0.3657894736842105,2.2,3.2,1.4,1.8,1.2,1.4,1.8,-0.4,2.5,1.26,1.24,0.6876842105263158,1
2023-12-05,Wolverhampton Wanderers,Burnley,1,0,3.0,-0.3,94,5.5,15.6,53,0,0,1,0,0,1,1,1,win,1,1,0,0,1,1,0,-3.3,1,12,2023,2023,winter,1,0,0,0,142,0.3736842105263158,0.8,1.6,2.0,-0.4,0.6,1.6,1.8,-0.2,1.04,0.8999999999999999,0.1400000000000001,0.3624736842105263,1
2023-12-06,Aston Villa,Manchester City,1,0,0.8,-3.0,94,0.5,20.9,51,0,0,1,0,0,1,1,1,win,1,1,0,0,1,1,0,-3.8,1,12,2023,2023,winter,1,0,0,0,143,0.3763157894736842,2.0,2.0,1.4,0.6,1.8,3.4,1.8,1.6,2.0,2.28,-0.2800000000000002,0.8053157894736843,1
2023-12-06,Crystal Palace,Bournemouth,0,2,2.8,0.0,95,0.0,14.6,3,0,0,1,0,0,1,2,-2,loss,0,1,0,0,1,1,0,-2.8,1,12,2023,2023,winter,1,0,0,0,145,0.3815789473684211,0.8,1.4,1.6,-0.2,2.0,2.0,2.0,0.0,0.98,2.0,-1.02,0.5685526315789474,1
2023-12-06,Fulham,Nottingham Forest,5,0,2.5,-0.3,95,0.0,12.7,3,0,0,1,0,0,1,5,5,win,0,1,0,0,1,1,0,-2.8,1,12,2023,2023,winter,1,0,0,0,146,0.3842105263157894,0.8,1.6,2.2,-0.6,0.6,1.2,2.0,-0.8,1.04,0.78,0.26,0.3496315789473684,1
2023-12-06,Manchester United,Chelsea,2,1,0.9,-3.0,84,0.1,21.9,51,0,0,1,0,0,1,3,1,win,1,1,0,0,0,1,0,-3.9,1,12,2023,2023,winter,1,0,0,0,147,0.3868421052631579,1.8,1.0,0.8,0.2,1.4,2.4,2.6,-0.2,1.56,1.6999999999999995,-0.1399999999999996,0.6305526315789473,1
2023-12-06,Sheffield United,Liverpool,0,2,0.4,-3.1,88,0.0,15.8,3,0,0,1,0,0,1,2,-2,loss,0,1,0,0,1,1,0,-3.5,1,12,2023,2023,winter,1,0,0,0,148,0.3894736842105263,0.8,0.8,3.0,-2.2,2.2,2.4,1.0,1.4,0.7999999999999999,2.26,-1.46,0.5958947368421051,1
2023-12-07,Everton,Newcastle United,3,0,6.2,0.7,91,10.4,34.6,63,1,0,0,0,0,1,3,3,win,1,1,0,1,1,1,0,-5.5,1,12,2023,2023,winter,1,0,0,0,149,0.3921052631578947,2.0,1.2,1.2,0.0,2.0,1.6,1.0,0.6,1.7599999999999998,1.88,-0.1200000000000001,0.7136315789473684,0
2023-12-09,Aston Villa,Arsenal,1,0,8.3,3.0,83,11.7,38.5,63,1,0,0,0,0,1,1,1,win,1,1,0,1,0,1,0,-5.300000000000001,1,12,2023,2023,winter,1,0,0,0,151,0.3973684210526316,2.0,1.6,1.2,0.4,2.4,2.0,1.2,0.8,1.88,2.28,-0.3999999999999999,0.8265263157894738,0
2023-12-09,Brighton,Burnley,1,1,10.3,5.0,86,14.9,40.9,63,1,0,0,0,0,1,2,0,draw,1,0,0,1,1,1,0,-5.300000000000001,1,12,2023,2023,winter,1,0,0,0,152,0.4,1.6,1.8,1.6,0.2,0.6,1.4,1.6,-0.2,1.66,0.84,0.82,0.5,0
2023-12-09,Manchester United,Bournemouth,0,3,8.5,3.3,86,14.8,47.7,61,1,0,0,0,0,1,3,-3,loss,1,1,0,1,1,1,0,-5.2,1,12,2023,2023,winter,1,0,0,0,154,0.4052631578947368,2.4,1.4,0.4,1.0,2.0,2.0,1.8,0.2,2.1,2.0,0.1,0.8307894736842104,0
2023-12-09,Sheffield United,Brentford,1,0,7.8,2.3,88,13.8,49.0,63,1,0,0,0,0,1,1,1,win,1,1,0,1,1,1,0,-5.5,1,12,2023,2023,winter,1,0,0,0,155,0.4078947368421052,0.8,0.8,2.4,-1.6,1.2,1.4,1.8,-0.4,0.7999999999999999,1.26,-0.4600000000000001,0.4201315789473684,0
2023-12-10,Everton,Chelsea,2,0,8.3,3.3,84,11.0,51.0,61,1,1,0,0,0,1,2,2,win,1,1,0,1,0,1,0,-5.000000000000001,1,12,2023,2023,winter,1,0,0,0,157,0.4131578947368421,2.0,1.6,1.2,0.4,1.4,2.6,2.6,0.0,1.88,1.7599999999999998,0.1200000000000001,0.7519473684210526,0
2023-12-26,Newcastle United,Nottingham Forest,1,3,3.8,-0.3,85,0.3,35.5,51,0,0,1,0,0,1,4,-2,loss,1,1,0,1,1,1,0,-4.1,1,12,2023,2023,winter,1,0,0,0,182,0.4789473684210526,1.2,1.0,1.6,-0.6,0.2,0.6,2.4,-1.8,1.14,0.3199999999999999,0.82,0.3496315789473684,1
2023-12-27,Everton,Manchester City,1,3,8.7,3.1,85,15.9,40.3,63,1,0,0,0,0,1,4,-2,loss,1,1,0,1,1,1,0,-5.6,1,12,2023,2023,winter,1,0,0,0,186,0.4894736842105263,2.4,1.8,0.4,1.4,1.2,1.6,1.6,0.0,2.22,1.3199999999999998,0.8999999999999999,0.8663684210526316,0
2023-12-30,Aston Villa,Burnley,3,2,7.1,2.6,89,14.3,36.9,63,1,0,0,0,0,1,5,1,win,1,1,0,1,1,1,0,-4.5,1,12,2023,2023,winter,1,0,0,0,189,0.4973684210526315,2.0,1.4,1.0,0.4,0.8,0.6,1.2,-0.6,1.82,0.74,1.0799999999999998,0.6366315789473683,0
2024-01-01,Liverpool,Newcastle United,4,2,6.8,1.4,83,15.7,38.9,63,1,0,0,0,0,1,6,2,win,1,1,0,1,0,1,0,-5.4,1,1,2024,2023,winter,1,0,0,0,197,0.5184210526315789,2.2,1.4,0.4,1.0,0.6,1.0,2.2,-1.2,1.96,0.72,1.24,0.6946842105263157,0
2024-01-02,West Ham United,Brighton,0,0,10.9,6.4,87,7.7,52.1,61,0,1,0,0,0,1,0,0,draw,1,0,0,1,1,1,0,-4.5,1,1,2024,2023,winter,1,0,0,0,198,0.5210526315789473,2.4,1.8,1.2,0.6,1.6,1.6,1.4,0.2,2.22,1.6,0.6199999999999999,0.9952105263157892,0
2024-01-13,Chelsea,Fulham,1,0,3.2,0.0,86,0.0,10.7,3,0,0,1,0,0,1,1,1,win,0,1,0,0,1,1,0,-3.2,1,1,2024,2023,winter,1,0,0,0,200,0.5263157894736842,1.8,1.6,1.4,0.2,1.2,1.4,1.8,-0.4,1.74,1.26,0.48,0.7894736842105263,1
2024-01-13,Newcastle United,Manchester City,2,3,4.0,-0.0,88,0.0,23.5,3,0,0,1,0,0,1,5,-1,loss,0,1,0,0,1,1,0,-4.0,1,1,2024,2023,winter,1,0,0,0,201,0.5289473684210526,0.6,1.4,2.4,-1.0,2.0,1.8,1.0,0.8,0.84,1.94,-1.1,0.7352368421052631,1
2024-01-14,Everton,Aston Villa,0,0,3.5,-0.3,84,0.1,23.0,51,0,0,1,0,0,1,0,0,draw,1,1,0,0,0,1,0,-3.8,1,1,2024,2023,winter,1,0,0,0,202,0.531578947368421,1.2,1.2,1.6,-0.4,2.0,1.8,1.4,0.4,1.2,1.94,-0.74,0.834578947368421,1
2024-01-14,Manchester United,Tottenham Hotspur,2,2,1.5,-1.6,90,0.1,12.7,51,0,0,1,0,0,1,4,0,draw,1,1,0,0,1,1,0,-3.1,1,1,2024,2023,winter,1,0,0,0,203,0.5342105263157895,0.8,0.8,1.8,-1.0,2.4,2.6,1.4,1.2,0.7999999999999999,2.46,-1.66,0.8707631578947368,1
2024-01-20,Arsenal,Crystal Palace,5,0,2.4,-3.0,74,0.0,27.2,3,0,0,1,0,0,1,5,5,win,0,1,0,0,0,1,0,-5.4,1,1,2024,2023,winter,1,0,0,0,204,0.5368421052631579,0.8,0.8,1.2,-0.4,1.0,1.6,1.6,0.0,0.7999999999999999,1.18,-0.38,0.5314736842105263,1
2024-01-20,Brentford,Nottingham Forest,3,2,2.6,-2.6,74,0.0,26.1,3,0,0,1,0,0,1,5,1,win,0,1,0,0,0,1,0,-5.2,1,1,2024,2023,winter,1,0,0,0,205,0.5394736842105263,0.0,0.8,2.4,-1.6,1.4,1.6,1.6,0.0,0.24,1.46,-1.22,0.4585526315789474,1
2024-01-21,Bournemouth,Liverpool,0,4,10.3,3.6,86,9.6,57.5,63,0,1,0,0,0,1,4,-4,loss,1,0,0,1,1,1,0,-6.700000000000001,1,1,2024,2023,winter,1,0,0,0,206,0.5421052631578948,2.4,2.4,1.0,1.4,2.2,1.8,0.8,1.0,2.4,2.08,0.3199999999999998,1.2143157894736845,0
2024-01-21,Sheffield United,West Ham United,2,2,8.8,2.0,83,6.4,51.5,55,0,1,0,0,0,1,4,0,draw,1,1,0,1,0,1,0,-6.800000000000001,1,1,2024,2023,winter,1,0,0,0,207,0.5447368421052632,0.8,0.8,1.6,-0.8,2.0,1.4,1.0,0.4,0.7999999999999999,1.82,-1.02,0.7136052631578946,0
2024-01-22,Brighton,Wolverhampton Wanderers,0,0,9.3,2.8,81,7.4,58.9,63,0,1,0,0,0,1,0,0,draw,1,1,0,1,0,1,0,-6.500000000000001,1,1,2024,2023,winter,1,0,0,0,208,0.5473684210526316,1.2,1.2,1.2,0.0,2.0,2.0,1.2,0.8,1.2,2.0,-0.8,0.8757894736842107,0
2024-02-17,Manchester City,Chelsea,1,1,10.8,8.5,91,13.0,24.6,63,1,0,0,0,0,1,2,0,draw,1,0,0,0,1,1,0,-2.3000000000000007,1,2,2024,2023,winter,1,0,0,0,242,0.6368421052631579,3.0,2.6,0.8,1.8,1.8,2.0,2.2,-0.2,2.88,1.86,1.02,1.5093157894736842,0
2024-02-18,Luton Town,Manchester United,1,2,10.7,7.9,89,11.3,26.4,63,1,0,0,0,0,1,3,-1,loss,1,0,0,0,1,1,0,-2.799999999999999,1,2,2024,2023,winter,1,0,0,0,246,0.6473684210526316,1.0,2.4,2.2,0.2,2.0,2.4,1.6,0.8,1.42,2.12,-0.7000000000000002,1.145842105263158,0
2024-02-24,Aston Villa,Nottingham Forest,4,2,2.4,-0.9,87,0.1,10.5,51,0,0,1,0,0,1,6,2,win,1,1,0,0,1,1,0,-3.3,1,2,2024,2023,winter,1,0,0,0,252,0.6631578947368421,1.4,1.8,1.2,0.6,0.8,1.6,1.8,-0.2,1.52,1.04,0.48,0.8488421052631578,1
2024-02-24,Crystal Palace,Burnley,3,0,2.9,0.0,89,0.8,9.8,51,0,0,1,0,0,1,3,3,win,1,1,0,0,1,1,0,-2.9,1,2,2024,2023,winter,1,0,0,0,255,0.6710526315789473,0.8,1.2,3.0,-1.8,0.4,1.0,2.8,-1.8,0.92,0.58,0.3399999999999999,0.5032894736842105,1
2024-02-24,Manchester United,Fulham,1,2,2.6,-0.3,87,0.1,9.9,51,0,0,1,0,0,1,3,-1,loss,1,1,0,0,1,1,0,-2.9,1,2,2024,2023,winter,1,0,0,0,256,0.6736842105263158,2.6,2.6,1.4,1.2,1.0,1.2,1.2,0.0,2.6,1.06,1.5399999999999996,1.2328421052631575,1
2024-02-25,Wolverhampton Wanderers,Sheffield United,1,0,3.5,-0.9,85,0.0,24.5,3,0,0,1,0,0,1,1,1,win,0,1,0,0,1,1,0,-4.4,1,2,2024,2023,winter,1,0,0,0,257,0.6763157894736842,1.4,1.8,1.8,0.0,0.8,1.4,3.2,-1.8,1.52,0.98,0.54,0.8453947368421053,1
2024-02-26,West Ham United,Brentford,4,2,6.2,-0.2,75,0.5,42.1,51,0,0,1,0,0,1,6,2,win,1,1,0,1,0,1,0,-6.4,1,2,2024,2023,winter,1,0,0,0,258,0.6789473684210526,0.4,0.6,2.8,-2.2,0.6,1.2,2.2,-1.0,0.4599999999999999,0.78,-0.32,0.4209473684210526,0
2024-03-02,Everton,West Ham United,1,3,2.7,-0.6,92,7.3,16.9,73,0,0,1,0,0,1,4,-2,loss,1,1,0,0,1,1,0,-3.3000000000000003,1,3,2024,2023,spring,0,1,0,0,260,0.6842105263157895,0.8,0.8,1.2,-0.4,0.8,1.0,2.8,-1.8,0.7999999999999999,0.8599999999999999,-0.0599999999999999,0.5678947368421051,1
2024-03-02,Luton Town,Aston Villa,2,3,3.7,-0.8,86,2.8,28.4,73,0,0,1,0,0,1,5,-1,loss,1,1,0,0,1,1,0,-4.5,1,3,2024,2023,spring,0,1,0,0,262,0.6894736842105263,0.8,2.2,2.6,-0.4,1.8,2.6,1.6,1.0,1.22,2.04,-0.8200000000000001,1.123842105263158,1
2024-03-02,Newcastle United,Wolverhampton Wanderers,3,0,2.4,-0.9,93,5.2,23.8,73,0,0,1,0,0,1,3,3,win,1,1,0,0,1,1,0,-3.3,1,3,2024,2023,spring,0,1,0,0,263,0.6921052631578948,1.6,2.6,2.6,0.0,1.8,2.0,1.8,0.2,1.9,1.86,0.04,1.301157894736842,1
2024-03-02,Nottingham Forest,Liverpool,0,1,3.5,-0.4,89,3.9,22.0,71,0,0,1,0,0,1,1,-1,loss,1,1,0,0,1,1,0,-3.9,1,3,2024,2023,spring,0,1,0,0,264,0.6947368421052632,0.8,1.6,2.0,-0.4,2.4,3.2,1.4,1.8,1.04,2.64,-1.5999999999999996,1.2783157894736843,1
2024-03-03,Burnley,Bournemouth,0,2,3.0,-0.1,88,0.0,14.5,3,0,0,1,0,0,1,2,-2,loss,0,1,0,0,1,1,0,-3.1,1,3,2024,2023,spring,0,1,0,0,266,0.7,0.2,0.8,3.2,-2.4,0.6,1.0,1.6,-0.6,0.38,0.72,-0.3399999999999999,0.385,1
2024-03-04,Sheffield United,Arsenal,0,6,4.0,-0.2,79,2.3,26.2,53,0,0,1,0,0,1,6,-6,loss,1,1,0,0,0,1,0,-4.2,1,3,2024,2023,spring,0,1,0,0,268,0.7052631578947368,0.6,1.0,3.0,-2.0,3.0,4.0,0.6,3.4,0.72,3.3,-2.58,1.4175789473684208,1
2024-03-10,Aston Villa,Tottenham Hotspur,0,4,6.7,3.5,95,14.1,18.5,61,1,0,0,0,0,1,4,-4,loss,1,1,0,0,1,1,0,-3.2,1,3,2024,2023,spring,0,1,0,0,274,0.7210526315789474,2.4,3.0,1.4,1.6,2.0,2.2,1.6,0.6,2.58,2.06,0.52,1.672842105263158,0
2024-03-10,Liverpool,Manchester City,1,1,7.2,2.9,88,10.1,26.1,61,1,0,0,0,0,1,2,0,draw,1,1,0,0,1,1,0,-4.300000000000001,1,3,2024,2023,spring,0,1,0,0,276,0.7263157894736842,2.4,2.6,1.2,1.4,2.6,1.6,0.4,1.2,2.46,2.3,0.1600000000000001,1.7286315789473683,0
2024-04-04,Liverpool,Sheffield United,3,1,9.8,7.6,83,11.0,21.8,63,1,0,0,0,0,1,4,2,win,1,1,0,0,0,1,0,-2.200000000000001,1,4,2024,2023,spring,0,1,0,0,303,0.7973684210526316,2.6,2.4,0.8,1.6,0.4,1.0,3.4,-2.4,2.54,0.58,1.96,1.2438947368421054,0
2024-04-28,Bournemouth,Brighton,3,0,8.6,4.7,79,13.4,29.0,63,1,0,0,0,0,1,3,3,win,1,1,0,0,0,1,0,-3.9,1,4,2024,2023,spring,0,1,0,0,344,0.9052631578947368,1.4,1.2,1.4,-0.2,0.4,0.4,2.0,-1.6,1.34,0.3999999999999999,0.94,0.7875789473684209,0
2024-04-28,Nottingham Forest,Manchester City,0,2,6.5,2.0,80,26.5,27.5,63,1,0,0,0,0,1,2,-2,loss,1,1,0,0,0,1,0,-4.5,1,4,2024,2023,spring,0,1,0,0,345,0.9078947368421052,1.0,1.4,1.8,-0.4,2.6,3.4,0.8,2.6,1.12,2.84,-1.72,1.7976315789473685,0
2024-04-28,Tottenham Hotspur,Arsenal,2,3,8.0,4.5,85,15.1,25.2,63,1,0,0,0,0,1,5,-1,loss,1,1,0,0,1,1,0,-3.5,1,4,2024,2023,spring,0,1,0,0,346,0.9105263157894736,1.4,1.2,2.0,-0.8,2.4,2.4,0.4,2.0,1.34,2.4,-1.06,1.7026842105263158,0
2024-05-03,Luton Town,Everton,1,1,9.7,6.5,90,11.2,24.1,63,1,0,0,0,0,1,2,0,draw,1,1,0,0,1,1,0,-3.1999999999999997,1,5,2024,2023,spring,0,1,0,0,348,0.9157894736842104,0.6,1.0,3.0,-2.0,2.4,1.2,1.2,0.0,0.72,2.04,-1.32,1.2637894736842104,0
2024-05-06,Crystal Palace,Manchester United,4,0,11.4,10.0,92,11.1,15.0,61,1,0,0,0,0,1,4,4,win,1,0,0,0,1,0,0,-1.4000000000000004,1,5,2024,2023,spring,0,1,0,0,357,0.9394736842105263,2.0,2.2,1.4,0.8,1.2,2.4,2.2,0.2,2.06,1.56,0.5,1.7004473684210528,0
