date,home_team,away_team,scenario,predicted_total_goals,predicted_result,predicted_result_label,home_win_probability,draw_probability,away_win_probability
2024-05-19,Sheffield United,Tottenham Hotspur,normal_day,2.768563544054576,draw,Draw,0.35581370733150586,0.38126869003663166,0.2629176026318625
2024-05-19,Sheffield United,Tottenham Hotspur,heavy_rain,2.6761596164911676,draw,Draw,0.18312626043880498,0.4681854632816837,0.34868827627951143
2024-05-19,Sheffield United,Tottenham Hotspur,extreme_cold,2.6982798704032085,loss,Away Win,0.2641765345398493,0.3175165246311372,0.4183069408290135
2024-05-19,Chelsea,Bournemouth,normal_day,2.965545705584975,win,Home Win,0.6744944180819685,0.25411839075034104,0.07138719116769038
2024-05-19,Chelsea,Bournemouth,heavy_rain,3.1506834027441526,win,Home Win,0.4604814896419655,0.41393175462339643,0.12558675573463807
2024-05-19,Chelsea,Bournemouth,extreme_cold,3.011028676553672,win,Home Win,0.6062834563372679,0.2562105922443222,0.13750595141841
2024-05-19,Arsenal,Everton,normal_day,2.9918633297252564,win,Home Win,0.6169662746119137,0.30041674306661015,0.08261698232147624
2024-05-19,Arsenal,Everton,heavy_rain,2.899215977874974,draw,Draw,0.39890920797915613,0.46344222511281113,0.13764856690803276
2024-05-19,Arsenal,Everton,extreme_cold,2.995348795636797,win,Home Win,0.5455175030016702,0.297944260909492,0.15653823608883777
2024-05-19,Brighton,Manchester United,normal_day,2.8000598701728285,win,Home Win,0.38589304120858636,0.3809767930278277,0.23313016576358583
2024-05-19,Brighton,Manchester United,heavy_rain,2.7291268565599616,draw,Draw,0.2035707071065809,0.4795188571910164,0.31691043570240274
2024-05-19,Brighton,Manchester United,extreme_cold,2.717634843658298,loss,Away Win,0.29394685170890317,0.3255097592011416,0.3805433890899552
2024-05-19,Burnley,Nottingham Forest,normal_day,2.744412060665125,win,Home Win,0.5028655537646245,0.32819045305488537,0.16894399318049005
2024-05-19,Burnley,Nottingham Forest,heavy_rain,2.8364457493432407,draw,Draw,0.29215121088253637,0.454925810319383,0.2529229787980805
2024-05-19,Burnley,Nottingham Forest,extreme_cold,2.717388785727472,win,Home Win,0.407833303843569,0.29855226444055916,0.29361443171587187
2024-05-19,Brentford,Newcastle United,normal_day,3.1188023807031526,win,Home Win,0.5246681650944419,0.3218778778570639,0.15345395704849418
2024-05-19,Brentford,Newcastle United,heavy_rain,3.1981035870714747,draw,Draw,0.31080826461896527,0.4549438567140871,0.23424787866694757
2024-05-19,Brentford,Newcastle United,extreme_cold,3.1596874977204523,win,Home Win,0.4319871930498669,0.2972630390379971,0.2707497679121359
2024-05-19,Crystal Palace,Aston Villa,normal_day,3.1173720001693135,win,Home Win,0.6277442596019106,0.28303488155456064,0.08922085884352876
2024-05-19,Crystal Palace,Aston Villa,heavy_rain,3.184375804350931,draw,Draw,0.4094990639178701,0.44052337298851985,0.14997756309361007
2024-05-19,Crystal Palace,Aston Villa,extreme_cold,3.2324388788878955,win,Home Win,0.5523937980353559,0.27936347984154647,0.1682427221230975
2024-05-19,Liverpool,Wolverhampton Wanderers,normal_day,2.922494361520783,win,Home Win,0.6351201893481186,0.27357293676651484,0.09130687388536655
2024-05-19,Liverpool,Wolverhampton Wanderers,heavy_rain,3.1359891990059,draw,Draw,0.41698296860815415,0.4285429567664952,0.15447407462535076
2024-05-19,Liverpool,Wolverhampton Wanderers,extreme_cold,2.9379719715402586,win,Home Win,0.5582786716454357,0.2697316298867217,0.17198969846784257
2024-05-19,Luton Town,Fulham,normal_day,2.608161988327765,draw,Draw,0.35830194688340467,0.38947782907287004,0.25222022404372535
2024-05-19,Luton Town,Fulham,heavy_rain,2.5697230935004645,draw,Draw,0.18492948574132692,0.47962141424647764,0.33544910001219547
2024-05-19,Luton Town,Fulham,extreme_cold,2.5889033107084747,loss,Away Win,0.2682601194694008,0.32707949034582673,0.40466039018477257
2024-05-19,Manchester City,West Ham United,normal_day,3.181937090323765,win,Home Win,0.8041271904142565,0.16384969924794243,0.032023110337801065
2024-05-19,Manchester City,West Ham United,heavy_rain,3.4824431296099525,win,Home Win,0.6294138676325328,0.30599620419773127,0.06458992816973602
2024-05-19,Manchester City,West Ham United,extreme_cold,3.2967470115756368,win,Home Win,0.761098857447124,0.17395046626576222,0.06495067628711372
2024-05-15,Manchester United,Newcastle United,normal_day,3.1115460641496298,draw,Draw,0.2928341764613932,0.40736374410961723,0.2998020794289895
2024-05-15,Manchester United,Newcastle United,heavy_rain,3.0387549402698606,draw,Draw,0.143734701903782,0.47706886650507,0.37919643159114813
2024-05-15,Manchester United,Newcastle United,extreme_cold,3.1111620318468765,loss,Away Win,0.21033779041667844,0.3282022435632918,0.4614599660200297
2024-05-15,Brighton,Chelsea,normal_day,3.0371015709468656,draw,Draw,0.32495691923707526,0.40645724528557414,0.2685858354773506
2024-05-15,Brighton,Chelsea,heavy_rain,2.9410676258491453,draw,Draw,0.16355429224668533,0.48810117990873214,0.34834452784458253
2024-05-15,Brighton,Chelsea,extreme_cold,3.017631333629477,loss,Away Win,0.2395692917921157,0.33611187439977164,0.42431883380811264
2024-05-14,Tottenham Hotspur,Manchester City,normal_day,3.0457639136315877,loss,Away Win,0.13379455366806117,0.41761539661694924,0.4485900497149895
2024-05-14,Tottenham Hotspur,Manchester City,heavy_rain,2.9085552335903713,loss,Away Win,0.05852398416259432,0.43584370884647805,0.5056323069909276
2024-05-14,Tottenham Hotspur,Manchester City,extreme_cold,3.0628220349884034,loss,Away Win,0.0855733350829363,0.29959885622857574,0.6148278086884881
2024-05-13,Aston Villa,Liverpool,normal_day,3.0762232122808837,win,Home Win,0.5144491442581424,0.3353669837018458,0.15018387204001185
2024-05-13,Aston Villa,Liverpool,heavy_rain,3.0789696256551844,draw,Draw,0.30232989181233905,0.4702380578967554,0.22743205029090552
2024-05-13,Aston Villa,Liverpool,extreme_cold,3.03076368231361,win,Home Win,0.42430565970883477,0.3102560839325113,0.265438256358654
2024-05-12,Manchester United,Arsenal,normal_day,2.987022974328138,draw,Draw,0.311179380803849,0.4256573900304874,0.26316322916566365
2024-05-12,Manchester United,Arsenal,heavy_rain,2.869585635098407,draw,Draw,0.1552091287410471,0.506553659585818,0.33823721167313486
2024-05-12,Manchester United,Arsenal,extreme_cold,2.9644659859306817,loss,Away Win,0.2300669901664311,0.3529939828528631,0.41693902698070584
2024-05-11,Nottingham Forest,Chelsea,normal_day,3.0417296591093157,draw,Draw,0.2778156565439201,0.40763168914519665,0.31455265431088336
2024-05-11,Nottingham Forest,Chelsea,heavy_rain,3.017080083107155,draw,Draw,0.1347994785033581,0.47190900450630463,0.3932915169903372
2024-05-11,Nottingham Forest,Chelsea,extreme_cold,3.0883278127858356,loss,Away Win,0.19715819428590753,0.3244813045763518,0.4783605011377407
2024-05-11,Everton,Sheffield United,normal_day,3.0288405175676925,win,Home Win,0.6627194343886319,0.2523583458066717,0.08492221980469633
2024-05-11,Everton,Sheffield United,heavy_rain,3.1212226430430663,win,Home Win,0.44667803255053656,0.4058274233950261,0.14749454405443738
2024-05-11,Everton,Sheffield United,extreme_cold,2.9286612347624894,win,Home Win,0.5876412726621614,0.25099431340608214,0.16136441393175652
2024-05-11,Fulham,Manchester City,normal_day,3.0933523087808905,draw,Draw,0.21292078372671577,0.4085720150002364,0.37850720127304793
2024-05-11,Fulham,Manchester City,heavy_rain,3.1003086116422565,loss,Away Win,0.09843293211856688,0.4506608310009376,0.4509062368804956
2024-05-11,Fulham,Manchester City,extreme_cold,3.1232566755170454,loss,Away Win,0.14364130452613597,0.30916728141368716,0.547191414060177
2024-05-11,Newcastle United,Brighton,normal_day,3.0824121419864254,win,Home Win,0.7567820704576164,0.19772544407126505,0.04549248547111858
2024-05-11,Newcastle United,Brighton,heavy_rain,3.3991609619756824,win,Home Win,0.5623413808617875,0.350550506573501,0.08710811256471153
2024-05-11,Newcastle United,Brighton,extreme_cold,3.086315748129571,win,Home Win,0.7032961868931334,0.2061074139272219,0.09059639917964464
2024-05-11,Bournemouth,Brentford,normal_day,2.976293383141987,win,Home Win,0.3961431128375457,0.380158561948139,0.22369832521431518
2024-05-11,Bournemouth,Brentford,heavy_rain,2.9734219970369153,draw,Draw,0.21075758100941328,0.48256375832600823,0.3066786606645784
2024-05-11,Bournemouth,Brentford,extreme_cold,2.9806527367714244,loss,Away Win,0.30427622021650486,0.32752488666439555,0.3681988931190996
2024-05-11,Tottenham Hotspur,Burnley,normal_day,2.6108744008941334,draw,Draw,0.37609628607191176,0.38548592557038114,0.23841778835770722
2024-05-11,Tottenham Hotspur,Burnley,heavy_rain,2.58071623817539,draw,Draw,0.19688752319620234,0.4814891530376418,0.32162332376615593
2024-05-11,Tottenham Hotspur,Burnley,extreme_cold,2.5410564805597167,loss,Away Win,0.2850530345503349,0.32771685327633576,0.3872301121733293
2024-05-11,Wolverhampton Wanderers,Crystal Palace,normal_day,3.051151217021061,draw,Draw,0.23951649164107636,0.4287463751240257,0.3317371332348979
2024-05-11,Wolverhampton Wanderers,Crystal Palace,heavy_rain,2.973428387682159,draw,Draw,0.1131226951009486,0.483140688475522,0.40373661642352937
2024-05-11,Wolverhampton Wanderers,Crystal Palace,extreme_cold,3.0760735299443933,loss,Away Win,0.16734081311409663,0.335993240695221,0.4966659461906823
2024-05-11,West Ham United,Luton Town,normal_day,2.668605444016026,win,Home Win,0.4422392752484918,0.3742230374856256,0.1835376872658826
2024-05-11,West Ham United,Luton Town,heavy_rain,2.644997944535676,draw,Draw,0.24459307489910434,0.4938285534055503,0.26157837169534526
2024-05-11,West Ham United,Luton Town,extreme_cold,2.6226592928955896,win,Home Win,0.35229844528566573,0.3343855968333463,0.31331595788098804
2024-05-06,Crystal Palace,Manchester United,normal_day,3.1094805020983367,win,Home Win,0.5290265797922412,0.33074261556188783,0.14023080464587104
2024-05-06,Crystal Palace,Manchester United,heavy_rain,3.1628534296377575,draw,Draw,0.3149883438389755,0.46985729869446685,0.21515435746655776
2024-05-06,Crystal Palace,Manchester United,extreme_cold,3.1135126474606203,win,Home Win,0.44066771503528523,0.3090206654995564,0.2503116194651583
2024-05-05,Liverpool,Tottenham Hotspur,normal_day,2.645964917131421,win,Home Win,0.5256194986289033,0.32089592301908576,0.15348457835201096
2024-05-05,Liverpool,Tottenham Hotspur,heavy_rain,2.729205929866314,draw,Draw,0.31161413513101277,0.45390891438293157,0.23447695048605569
2024-05-05,Liverpool,Tottenham Hotspur,extreme_cold,2.586946148038779,win,Home Win,0.432800578397812,0.296376790253576,0.270822631348612
2024-05-05,Chelsea,West Ham United,normal_day,2.8039128609600943,win,Home Win,0.5811750145642409,0.3064063931631446,0.1124185922726146
2024-05-05,Chelsea,West Ham United,heavy_rain,2.999049235713254,draw,Draw,0.3627973559193384,0.4563665780585224,0.1808360660221393
2024-05-05,Chelsea,West Ham United,extreme_cold,2.772513555056693,win,Home Win,0.4985359162437346,0.2948159428810045,0.20664814087526087
2024-05-05,Brighton,Aston Villa,normal_day,2.6532760895052987,draw,Draw,0.2808897224025495,0.4030113387113441,0.3160989388861064
2024-05-05,Brighton,Aston Villa,heavy_rain,2.5451619015320293,draw,Draw,0.1365537794595467,0.4674594802044836,0.3959867403359697
2024-05-05,Brighton,Aston Villa,extreme_cold,2.656189758969849,loss,Away Win,0.19916943672712356,0.3205293017572759,0.48030126151560054
2024-05-04,Arsenal,Bournemouth,normal_day,3.0490066281254755,win,Home Win,0.6222966675742125,0.2832289069670045,0.09447442545878307
2024-05-04,Arsenal,Bournemouth,heavy_rain,3.1433326333431744,draw,Draw,0.4036930392577058,0.4383794554337974,0.15792750530849672
2024-05-04,Arsenal,Bournemouth,extreme_cold,3.1014680503499346,win,Home Win,0.5447107370602676,0.2780799412532632,0.17720932168646925
2024-05-04,Sheffield United,Nottingham Forest,normal_day,2.6322547281343995,draw,Draw,0.34643125046743906,0.39854966430497224,0.25501908522758876
2024-05-04,Sheffield United,Nottingham Forest,heavy_rain,2.595067038204349,draw,Draw,0.17724872901348473,0.486527448159329,0.3362238228271864
2024-05-04,Sheffield United,Nottingham Forest,extreme_cold,2.5980001010839437,loss,Away Win,0.2585397040608126,0.33362321228185154,0.4078370836573358
2024-05-04,Manchester City,Wolverhampton Wanderers,normal_day,3.051523631321746,win,Home Win,0.7612288740446767,0.19552526929330197,0.043245856662021374
2024-05-04,Manchester City,Wolverhampton Wanderers,heavy_rain,3.380036822852444,win,Home Win,0.5684299708466678,0.3483561151607064,0.08321391399262569
2024-05-04,Manchester City,Wolverhampton Wanderers,extreme_cold,3.1866174389622497,win,Home Win,0.7092977022707445,0.20435243578746334,0.08634986194179205
2024-05-04,Burnley,Newcastle United,normal_day,2.992731624888643,win,Home Win,0.3943348728768719,0.3756032935504824,0.23006183357264567
2024-05-04,Burnley,Newcastle United,heavy_rain,2.9778291516220596,draw,Draw,0.2093810497963988,0.4758394118298552,0.314779538373746
2024-05-04,Burnley,Newcastle United,extreme_cold,3.0357016677293633,loss,Away Win,0.30133226012679476,0.3219389041394633,0.37672883573374194
2024-05-04,Brentford,Fulham,normal_day,2.806012838144309,win,Home Win,0.6098516269931394,0.27917941427847415,0.11096895872838645
2024-05-04,Brentford,Fulham,heavy_rain,3.0316519387581398,draw,Draw,0.39045331234384945,0.42646868511830904,0.18307800253784154
2024-05-04,Brentford,Fulham,extreme_cold,2.8361256941085915,win,Home Win,0.5253744710109127,0.2697688476312627,0.20485668135782464
2024-05-03,Luton Town,Everton,normal_day,2.8320628682131166,draw,Draw,0.30917536276933644,0.4460225628064738,0.2448020744241898
2024-05-03,Luton Town,Everton,heavy_rain,2.693618311241088,draw,Draw,0.154265587482744,0.530982047578688,0.314752364938568
2024-05-03,Luton Town,Everton,extreme_cold,2.9146275944306224,loss,Away Win,0.23175651939705905,0.37501404713249836,0.39322943347044254
2024-05-02,Chelsea,Tottenham Hotspur,normal_day,2.887134664211395,win,Home Win,0.5310483780335509,0.34517456414668,0.12377705781976907
2024-05-02,Chelsea,Tottenham Hotspur,heavy_rain,2.9279206245413136,draw,Draw,0.31731504684527617,0.49210094119053577,0.19058401196418792
2024-05-02,Chelsea,Tottenham Hotspur,extreme_cold,2.8405317703817192,win,Home Win,0.44872446569299823,0.32715086549637185,0.22412466881063
2024-04-28,Tottenham Hotspur,Arsenal,normal_day,2.9672796234805263,draw,Draw,0.2819959857282231,0.42754633576767087,0.2904576785041061
2024-04-28,Tottenham Hotspur,Arsenal,heavy_rain,2.8617049324689745,draw,Draw,0.13752137258459426,0.4974727445807507,0.3650058828346552
2024-04-28,Tottenham Hotspur,Arsenal,extreme_cold,2.9848725160782643,loss,Away Win,0.20375656437970024,0.34650978088931383,0.4497336547309859
2024-04-28,Nottingham Forest,Manchester City,normal_day,3.050822127028833,draw,Draw,0.24102471140953013,0.42002403279556394,0.33895125579490576
2024-04-28,Nottingham Forest,Manchester City,heavy_rain,2.97511122222035,draw,Draw,0.11387336764916035,0.4734711967069088,0.41265543564393076
2024-04-28,Nottingham Forest,Manchester City,extreme_cold,3.026088009997808,loss,Away Win,0.16755358030323927,0.32751402872407465,0.504932390972686
2024-04-28,Bournemouth,Brighton,normal_day,2.7104253160460376,win,Home Win,0.594267960044265,0.287254053324047,0.11847798663168792
2024-04-28,Bournemouth,Brighton,heavy_rain,2.8241729069861337,draw,Draw,0.3749470799827009,0.4324268540354353,0.1926260659818638
2024-04-28,Bournemouth,Brighton,extreme_cold,2.7548174133505676,win,Home Win,0.5077656498723317,0.2753029045643322,0.2169314455633361
2024-04-27,Wolverhampton Wanderers,Luton Town,normal_day,2.597269988230925,win,Home Win,0.5209679000131788,0.3187544606357461,0.1602776393510751
2024-04-27,Wolverhampton Wanderers,Luton Town,heavy_rain,2.7049693834593915,draw,Draw,0.30744498626921907,0.4488193290726179,0.24373568465816295
2024-04-27,Wolverhampton Wanderers,Luton Town,extreme_cold,2.516767804574647,win,Home Win,0.4263363677101485,0.29259123578589236,0.28107239650395915
2024-04-27,West Ham United,Liverpool,normal_day,2.669299056945527,draw,Draw,0.3714720716988327,0.39773294341963056,0.2307949848815368
2024-04-27,West Ham United,Liverpool,heavy_rain,2.524202096836966,draw,Draw,0.1939637476889628,0.49550129502463375,0.3105349572864035
2024-04-27,West Ham United,Liverpool,extreme_cold,2.5712185729214294,loss,Away Win,0.2830978548327648,0.3399895752634994,0.37691256990373595
2024-04-27,Newcastle United,Sheffield United,normal_day,3.2935947249751476,win,Home Win,0.6714540076192457,0.24702332660527695,0.08152266577547743
2024-04-27,Newcastle United,Sheffield United,heavy_rain,3.5825642091450556,win,Home Win,0.45648950400632216,0.40069260072530166,0.14281789526837618
2024-04-27,Newcastle United,Sheffield United,extreme_cold,3.2900946101080364,win,Home Win,0.5977899008392923,0.24667997484218504,0.1555301243185227
