home_team,rain_flag,cold_flag,matches,avg_points,avg_goal_difference,avg_total_goals,avg_strength_proxy
Arsenal,0,0,12,2.5833333333333335,1.5,3.8333333333333335,2.0516666666666663
Arsenal,0,1,22,1.7272727272727273,0.5,2.8636363636363638,1.7018181818181817
Arsenal,1,0,32,2.03125,0.84375,3.09375,1.835625
Arsenal,1,1,29,2.1724137931034484,1.2758620689655173,3.1379310344827585,1.8855172413793104
Aston Villa,0,0,9,2.5555555555555554,1.1111111111111112,2.2222222222222223,1.0933333333333333
Aston Villa,0,1,11,1.9090909090909092,0.5454545454545454,2.3636363636363638,1.4436363636363636
Aston Villa,1,0,28,1.0714285714285714,0.10714285714285714,3.107142857142857,1.185892857142857
Aston Villa,1,1,47,1.6170212765957446,0.14893617021276595,3.4680851063829787,1.526808510638298
Bournemouth,0,0,10,1.7,0.5,3.1,1.1075
Bournemouth,0,1,7,1.1428571428571428,-0.5714285714285714,2.857142857142857,0.637142857142857
Bournemouth,1,0,26,0.8846153846153846,-0.7307692307692307,2.5,1.0803846153846153
Bournemouth,1,1,14,1.5714285714285714,0.07142857142857142,2.7857142857142856,1.1857142857142857
Brentford,0,0,9,1.4444444444444444,0.1111111111111111,2.5555555555555554,1.5733333333333333
Brentford,0,1,11,1.0,-0.2727272727272727,2.8181818181818183,0.9327272727272727
Brentford,1,0,25,1.28,0.16,2.72,1.3898666666666666
Brentford,1,1,12,2.25,0.9166666666666666,3.0833333333333335,1.2
Brighton,0,0,13,1.0769230769230769,0.0,3.076923076923077,1.6938461538461538
Brighton,0,1,14,1.5,0.42857142857142855,2.2857142857142856,1.2442857142857142
Brighton,1,0,38,1.5789473684210527,0.13157894736842105,3.026315789473684,1.3610526315789473
Brighton,1,1,30,1.1333333333333333,-0.1,2.033333333333333,1.0726666666666667
Burnley,0,0,5,1.4,0.2,1.8,0.82
Burnley,0,1,16,0.875,-0.9375,2.3125,0.94875
Burnley,1,0,20,0.55,-1.35,2.95,0.9816666666666667
Burnley,1,1,35,1.2857142857142858,-0.05714285714285714,2.5142857142857142,1.0062857142857142
Chelsea,0,0,14,1.7857142857142858,0.5,2.7857142857142856,1.6542857142857144
Chelsea,0,1,21,1.8095238095238095,0.8095238095238095,2.3333333333333335,1.6028571428571428
Chelsea,1,0,37,1.6756756756756757,0.6486486486486487,2.864864864864865,1.6306306306306306
Chelsea,1,1,23,1.7391304347826086,0.5652173913043478,3.0,1.5382608695652171
Crystal Palace,0,0,14,1.7857142857142858,0.2857142857142857,2.0,1.1842857142857142
Crystal Palace,0,1,25,1.0,-0.44,2.2,1.1
Crystal Palace,1,0,29,1.5172413793103448,0.3103448275862069,2.9310344827586206,1.1625287356321838
Crystal Palace,1,1,27,1.3703703703703705,0.0,2.5925925925925926,1.0733333333333333
Everton,0,0,9,1.8888888888888888,0.4444444444444444,3.111111111111111,1.2333333333333334
Everton,0,1,12,1.0833333333333333,-0.3333333333333333,2.5,1.195
Everton,1,0,31,1.5161290322580645,0.12903225806451613,2.193548387096774,1.1823655913978492
Everton,1,1,43,1.255813953488372,-0.23255813953488372,2.4651162790697674,1.132093023255814
Fulham,0,0,9,1.4444444444444444,-0.4444444444444444,3.3333333333333335,0.8422222222222222
Fulham,0,1,8,1.0,0.125,2.125,1.3325
Fulham,1,0,18,1.1666666666666667,-0.5,2.9444444444444446,1.2172222222222222
Fulham,1,1,22,1.1818181818181819,0.09090909090909091,2.3636363636363638,1.0245454545454544
Leeds United,0,0,5,1.8,0.4,3.6,0.9639999999999999
Leeds United,0,1,11,0.9090909090909091,-0.8181818181818182,2.272727272727273,1.2163636363636363
Leeds United,1,0,17,0.6470588235294118,-1.1764705882352942,3.0588235294117645,1.228235294117647
Leeds United,1,1,24,1.625,0.16666666666666666,3.0833333333333335,1.1824999999999999
Leicester City,0,0,10,2.0,1.0,3.2,1.1400000000000001
Leicester City,0,1,18,1.3333333333333333,0.1111111111111111,3.0,1.6055555555555554
Leicester City,1,0,21,1.5238095238095237,0.5238095238095238,2.4285714285714284,1.3298412698412698
Leicester City,1,1,27,1.5555555555555556,0.2222222222222222,3.185185185185185,1.633333333333333
Liverpool,0,0,13,2.3846153846153846,1.4615384615384615,2.8461538461538463,2.249230769230769
Liverpool,0,1,10,2.2,0.7,2.5,2.06
Liverpool,1,0,31,2.3548387096774195,1.4516129032258065,3.5161290322580645,2.0361290322580645
Liverpool,1,1,41,2.5121951219512195,1.829268292682927,3.2439024390243905,2.1717073170731704
Luton Town,0,0,2,0.5,-1.0,4.0,0.29499999999999993
Luton Town,0,1,3,2.3333333333333335,0.6666666666666666,2.0,0.7600000000000001
Luton Town,1,0,5,0.6,-0.6,2.6,0.7739999999999999
Luton Town,1,1,9,0.5555555555555556,-0.6666666666666666,4.222222222222222,1.1177777777777775
Manchester City,0,0,14,2.642857142857143,3.5,4.071428571428571,2.544285714285714
Manchester City,0,1,14,2.142857142857143,1.0714285714285714,3.0714285714285716,2.254285714285714
Manchester City,1,0,23,2.5217391304347827,2.217391304347826,4.043478260869565,2.373623188405797
Manchester City,1,1,44,2.477272727272727,1.7272727272727273,3.5,2.3327272727272725
Manchester United,0,0,8,1.5,0.125,3.125,1.57375
Manchester United,0,1,9,2.3333333333333335,1.3333333333333333,3.5555555555555554,1.848888888888889
Manchester United,1,0,37,1.837837837837838,0.5675675675675675,3.054054054054054,1.6281081081081081
Manchester United,1,1,41,2.024390243902439,0.926829268292683,2.731707317073171,1.699512195121951
Newcastle United,0,0,12,1.8333333333333333,0.9166666666666666,2.5833333333333335,1.54
Newcastle United,0,1,13,1.3846153846153846,-0.15384615384615385,3.076923076923077,1.0307692307692309
Newcastle United,1,0,27,1.5925925925925926,0.4074074074074074,3.074074074074074,1.4044444444444446
Newcastle United,1,1,43,1.744186046511628,0.46511627906976744,2.7906976744186047,1.409767441860465
Norwich City,0,0,7,0.42857142857142855,-2.4285714285714284,4.142857142857143,0.715
Norwich City,0,1,9,1.5555555555555556,-0.3333333333333333,3.0,0.5111111111111111
Norwich City,1,0,11,0.36363636363636365,-1.2727272727272727,2.3636363636363638,0.35818181818181816
Norwich City,1,1,11,0.5454545454545454,-1.3636363636363635,2.6363636363636362,0.9127272727272726
Nottingham Forest,0,0,5,1.8,0.2,2.6,0.86
Nottingham Forest,0,1,5,0.8,-0.6,2.6,0.968
Nottingham Forest,1,0,12,1.4166666666666667,0.08333333333333333,2.9166666666666665,1.001111111111111
Nottingham Forest,1,1,16,1.25,0.0625,2.9375,0.88125
Sheffield United,0,0,7,0.5714285714285714,-0.7142857142857143,2.4285714285714284,1.1642857142857144
Sheffield United,0,1,12,0.4166666666666667,-1.1666666666666667,2.6666666666666665,0.5616666666666666
Sheffield United,1,0,11,0.9090909090909091,-1.3636363636363635,3.0,0.8145454545454545
Sheffield United,1,1,27,1.4814814814814814,-0.37037037037037035,2.6666666666666665,0.9051851851851851
Southampton,0,0,9,0.6666666666666666,-1.0,3.4444444444444446,0.8777777777777778
Southampton,0,1,18,1.4444444444444444,-0.3333333333333333,3.0,1.2544444444444443
Southampton,1,0,29,1.103448275862069,-0.4482758620689655,2.793103448275862,0.9910344827586206
Southampton,1,1,20,1.0,-0.1,2.3,1.137
Tottenham Hotspur,0,0,16,2.25,1.1875,3.1875,1.929375
Tottenham Hotspur,0,1,17,2.3529411764705883,1.4705882352941178,3.3529411764705883,1.48
Tottenham Hotspur,1,0,28,1.9285714285714286,0.39285714285714285,2.4642857142857144,1.6657142857142857
Tottenham Hotspur,1,1,34,1.7058823529411764,0.6176470588235294,3.3823529411764706,1.606470588235294
Watford,0,0,7,1.1428571428571428,-0.7142857142857143,3.5714285714285716,0.7778571428571429
Watford,0,1,10,1.1,-0.1,2.9,1.0219999999999998
Watford,1,0,13,0.5384615384615384,-1.3846153846153846,2.3076923076923075,0.5753846153846154
Watford,1,1,8,0.75,-1.25,3.5,0.815
West Bromwich Albion,0,0,1,0.0,-3.0,3.0,0.0
West Bromwich Albion,0,1,2,2.0,0.5,0.5,0.74
West Bromwich Albion,1,0,2,0.5,-0.5,0.5,0.605
West Bromwich Albion,1,1,14,0.7142857142857143,-1.5,3.5,0.75
West Ham United,0,0,16,1.5,0.0625,2.8125,1.4725
West Ham United,0,1,19,1.6842105263157894,0.7368421052631579,2.6315789473684212,1.3263157894736841
West Ham United,1,0,31,1.3548387096774193,0.12903225806451613,2.5806451612903225,1.3088172043010755
West Ham United,1,1,29,1.6206896551724137,0.0,3.793103448275862,1.3441379310344828
Wolverhampton Wanderers,0,0,14,0.9285714285714286,-0.6428571428571429,2.642857142857143,1.0625
Wolverhampton Wanderers,0,1,18,1.6666666666666667,-0.05555555555555555,2.388888888888889,1.3322222222222222
Wolverhampton Wanderers,1,0,22,1.6363636363636365,-0.09090909090909091,2.4545454545454546,0.9627272727272728
Wolverhampton Wanderers,1,1,41,1.4146341463414633,0.14634146341463414,2.3902439024390243,1.2765853658536583
